profile,max_output_tokens,github_run_id,github_run_url,run_id,started_at,provider,requested_model,status,http_status,finish_reason,ttft_ms,decode_ms,wall_ms,decode_tok_sec,input_tokens,cached_input_tokens,output_tokens,reasoning_tokens,currency,price_window,nominal_cost,billing_mode
throughput-cold,512,35113700057,https://github.com/f4ah6o/deepseek-v41-provider-bench/actions/runs/35113700057,20260916T151212Z-140b7b1c,2026-09-16T15:12:12.807386+00:00,opencode_go,deepseek-v4.1-flash,ok,200,length,1376.988524,2132.990742,3556.888945,240.03854771536555,281,0,512,0,USD,offpeak,0.00034934999999999995,subscription
throughput-cold,512,35113700057,https://github.com/f4ah6o/deepseek-v41-provider-bench/actions/runs/35113700057,20260916T151212Z-140b7b1c,2026-09-16T15:12:12.880704+00:00,hai,deepseek-v4.1-flash,ok,200,length,11337.942029,5056.854261,16417.931645,101.24871581700502,292,0,512,0,JPY,fixed,0.1404,subscription
throughput-cold,512,35113700057,https://github.com/f4ah6o/deepseek-v41-provider-bench/actions/runs/35113700057,20260916T151212Z-140b7b1c,2026-09-16T15:12:12.899283+00:00,deepseek,deepseek-flash,ok,200,length,1133.64042,2210.914002,3347.706762,231.57843296340027,281,0,512,0,USD,offpeak,0.00034934999999999995,prepaid
throughput-cold,512,35113700057,https://github.com/f4ah6o/deepseek-v41-provider-bench/actions/runs/35113700057,20260916T151212Z-140b7b1c,2026-09-16T15:12:12.917535+00:00,fireworks,accounts/fireworks/models/deepseek-v4p1-flash,ok,200,length,801.232093,6300.871435,7104.183467,81.25860133503897,281,0,512,0,USD,fixed,0.00039974,prepaid
repo-review,4096,35114368450,https://github.com/f4ah6o/deepseek-v41-provider-bench/actions/runs/35114368450,20260916T151809Z-61253d1a,2026-09-16T15:18:09.148298+00:00,opencode_go,deepseek-v4.1-flash,ok,200,stop,1490.828044,2309.547883,3862.828209,216.49258873581883,277,0,500,0,USD,offpeak,0.00034155000000000003,subscription
repo-review,4096,35114368450,https://github.com/f4ah6o/deepseek-v41-provider-bench/actions/runs/35114368450,20260916T151809Z-61253d1a,2026-09-16T15:18:09.208851+00:00,hai,deepseek-v4.1-flash,ok,200,stop,23137.043781,5670.407696,28822.42472,95.76031021244579,288,0,543,0,JPY,fixed,0.1476,subscription
repo-review,4096,35114368450,https://github.com/f4ah6o/deepseek-v41-provider-bench/actions/runs/35114368450,20260916T151809Z-61253d1a,2026-09-16T15:18:09.222374+00:00,deepseek,deepseek-flash,ok,200,stop,1010.039464,3257.774597,4270.094567,239.42724604651337,277,0,780,0,USD,offpeak,0.00050955,prepaid
repo-review,4096,35114368450,https://github.com/f4ah6o/deepseek-v41-provider-bench/actions/runs/35114368450,20260916T151809Z-61253d1a,2026-09-16T15:18:09.235787+00:00,fireworks,accounts/fireworks/models/deepseek-v4p1-flash,ok,200,stop,889.308059,5132.244266,6023.864087,136.7822659281042,277,0,702,0,USD,fixed,0.00052426,prepaid
repo-review,4096,35137298438,https://github.com/f4ah6o/deepseek-v41-provider-bench/actions/runs/35137298438,20260916T185429Z-f7e89361,2026-09-16T18:54:29.548688+00:00,opencode_go,deepseek-v4.1-flash,ok,200,stop,903.123377,2600.079133,3545.477134,240.37729931660505,278,0,625,0,USD,offpeak,0.0004167,subscription
repo-review,4096,35137298438,https://github.com/f4ah6o/deepseek-v41-provider-bench/actions/runs/35137298438,20260916T185429Z-f7e89361,2026-09-16T18:54:29.624940+00:00,hai,deepseek-v4.1-flash,ok,200,stop,2347.905753,4112.596768,6520.744316,100.18001356363463,289,0,412,0,JPY,fixed,0.11622,subscription
repo-review,4096,35137298438,https://github.com/f4ah6o/deepseek-v41-provider-bench/actions/runs/35137298438,20260916T185429Z-f7e89361,2026-09-16T18:54:29.643270+00:00,deepseek,deepseek-flash,ok,200,stop,1162.887149,2872.190954,4051.162799,239.88655734760732,278,0,689,0,USD,offpeak,0.00045509999999999995,prepaid
repo-review,4096,35137298438,https://github.com/f4ah6o/deepseek-v41-provider-bench/actions/runs/35137298438,20260916T185429Z-f7e89361,2026-09-16T18:54:29.661062+00:00,fireworks,accounts/fireworks/models/deepseek-v4p1-flash,ok,200,stop,1236.032655,7745.875878,8996.057358,95.40560830556599,278,0,739,0,USD,fixed,0.0005489,prepaid
repo-review,4096,35156330449,https://github.com/f4ah6o/deepseek-v41-provider-bench/actions/runs/35156330449,20260916T221046Z-e7d55376,2026-09-16T22:10:46.619395+00:00,opencode_go,deepseek-v4.1-flash,ok,200,stop,986.3105,2441.483735,3501.965419,267.46031138315163,277,0,653,0,USD,offpeak,0.00043335000000000004,subscription
repo-review,4096,35156330449,https://github.com/f4ah6o/deepseek-v41-provider-bench/actions/runs/35156330449,20260916T221046Z-e7d55376,2026-09-16T22:10:46.671213+00:00,hai,deepseek-v4.1-flash,ok,200,stop,1963.052882,6749.366808,8735.485685,99.41673331558542,288,0,671,0,JPY,fixed,0.17832,subscription
repo-review,4096,35156330449,https://github.com/f4ah6o/deepseek-v41-provider-bench/actions/runs/35156330449,20260916T221046Z-e7d55376,2026-09-16T22:10:46.683518+00:00,deepseek,deepseek-flash,ok,200,stop,1102.283661,3035.120159,4141.045355,237.88185052873882,277,0,722,0,USD,offpeak,0.00047475,prepaid
repo-review,4096,35156330449,https://github.com/f4ah6o/deepseek-v41-provider-bench/actions/runs/35156330449,20260916T221046Z-e7d55376,2026-09-16T22:10:46.695356+00:00,fireworks,accounts/fireworks/models/deepseek-v4p1-flash,ok,200,stop,2383.547585,6833.556803,9218.359449,119.99607578296732,277,0,820,0,USD,fixed,0.0006021400000000001,prepaid
repo-review,4096,35166969583,https://github.com/f4ah6o/deepseek-v41-provider-bench/actions/runs/35166969583,20260917T003238Z-8772fa06,2026-09-17T00:32:38.940842+00:00,opencode_go,deepseek-v4.1-flash,ok,200,stop,1900.565059,6456.851632,8423.131885,103.45599342710744,280,0,668,0,USD,offpeak,0.00044280000000000003,subscription
repo-review,4096,35166969583,https://github.com/f4ah6o/deepseek-v41-provider-bench/actions/runs/35166969583,20260917T003238Z-8772fa06,2026-09-17T00:32:38.989796+00:00,hai,deepseek-v4.1-flash,ok,200,stop,6535.857579,80717.912804,87263.620974,8.511121957132115,291,0,687,0,JPY,fixed,0.18234,subscription
repo-review,4096,35166969583,https://github.com/f4ah6o/deepseek-v41-provider-bench/actions/runs/35166969583,20260917T003238Z-8772fa06,2026-09-17T00:32:39.002302+00:00,deepseek,deepseek-flash,ok,200,stop,1188.154313,3700.24613,4890.879175,208.09426534012752,280,0,770,0,USD,offpeak,0.000504,prepaid
repo-review,4096,35166969583,https://github.com/f4ah6o/deepseek-v41-provider-bench/actions/runs/35166969583,20260917T003238Z-8772fa06,2026-09-17T00:32:39.014732+00:00,fireworks,accounts/fireworks/models/deepseek-v4p1-flash,ok,200,stop,595.180207,4911.87747,5508.229274,146.7870492298742,280,0,721,0,USD,fixed,0.00053746,prepaid
repo-review,4096,35188538967,https://github.com/f4ah6o/deepseek-v41-provider-bench/actions/runs/35188538967,20260917T060828Z-8a92d3a8,2026-09-17T06:08:28.504055+00:00,opencode_go,deepseek-v4.1-flash,ok,200,stop,1182.766567,3212.19465,4454.541089,221.03268243722405,281,0,710,0,USD,peak,0.0009362999999999999,subscription
repo-review,4096,35188538967,https://github.com/f4ah6o/deepseek-v41-provider-bench/actions/runs/35188538967,20260917T060828Z-8a92d3a8,2026-09-17T06:08:28.564923+00:00,hai,deepseek-v4.1-flash,ok,200,stop,2433.188886,4864.953361,7331.900787,156.42493227182246,292,0,761,0,JPY,fixed,0.20016,subscription
repo-review,4096,35188538967,https://github.com/f4ah6o/deepseek-v41-provider-bench/actions/runs/35188538967,20260917T060828Z-8a92d3a8,2026-09-17T06:08:28.578744+00:00,deepseek,deepseek-flash,ok,200,stop,714.80243,3571.704823,4287.394973,195.14490545569925,281,0,697,0,USD,peak,0.0009206999999999999,prepaid
repo-review,4096,35188538967,https://github.com/f4ah6o/deepseek-v41-provider-bench/actions/runs/35188538967,20260917T060828Z-8a92d3a8,2026-09-17T06:08:28.595217+00:00,fireworks,accounts/fireworks/models/deepseek-v4p1-flash,ok,200,stop,688.292541,7835.953695,8530.953057,88.69373493662535,281,0,695,0,USD,fixed,0.0005205200000000001,prepaid
repo-review,4096,35216979321,https://github.com/f4ah6o/deepseek-v41-provider-bench/actions/runs/35216979321,20260917T114114Z-7b79672a,2026-09-17T11:41:14.960190+00:00,opencode_go,deepseek-v4.1-flash,ok,200,stop,1203.649398,2940.607355,4190.892161,234.30533791887356,278,0,689,0,USD,offpeak,0.00045509999999999995,subscription
repo-review,4096,35216979321,https://github.com/f4ah6o/deepseek-v41-provider-bench/actions/runs/35216979321,20260917T114114Z-7b79672a,2026-09-17T11:41:15.037834+00:00,hai,deepseek-v4.1-flash,ok,200,stop,1715.204729,5034.917289,6775.564036,101.68985320147928,289,0,512,0,JPY,fixed,0.14022,subscription
repo-review,4096,35216979321,https://github.com/f4ah6o/deepseek-v41-provider-bench/actions/runs/35216979321,20260917T114114Z-7b79672a,2026-09-17T11:41:15.056304+00:00,deepseek,deepseek-flash,ok,200,stop,940.349664,2859.992188,3802.442637,225.874742843878,278,0,646,0,USD,offpeak,0.00042929999999999997,prepaid
repo-review,4096,35216979321,https://github.com/f4ah6o/deepseek-v41-provider-bench/actions/runs/35216979321,20260917T114114Z-7b79672a,2026-09-17T11:41:15.074771+00:00,fireworks,accounts/fireworks/models/deepseek-v4p1-flash,ok,200,stop,597.434109,7533.281659,8132.086376,92.52275854670789,278,0,697,0,USD,fixed,0.0005211800000000001,prepaid
repo-review,4096,35249967802,https://github.com/f4ah6o/deepseek-v41-provider-bench/actions/runs/35249967802,20260917T165950Z-9c267fc2,2026-09-17T16:59:50.184181+00:00,opencode_go,deepseek-v4.1-flash,ok,200,stop,1145.624633,2879.17136,4071.136923,251.46123987562868,280,0,724,0,USD,offpeak,0.0004764,subscription
repo-review,4096,35249967802,https://github.com/f4ah6o/deepseek-v41-provider-bench/actions/runs/35249967802,20260917T165950Z-9c267fc2,2026-09-17T16:59:50.262966+00:00,hai,deepseek-v4.1-flash,ok,200,stop,2854.469718,4746.636656,7618.564409,95.64667213912824,291,0,454,0,JPY,fixed,0.12642,subscription
repo-review,4096,35249967802,https://github.com/f4ah6o/deepseek-v41-provider-bench/actions/runs/35249967802,20260917T165950Z-9c267fc2,2026-09-17T16:59:50.282115+00:00,deepseek,deepseek-flash,ok,200,stop,654.297893,2591.86416,3248.011276,236.89513110903158,280,0,614,0,USD,offpeak,0.0004104,prepaid
repo-review,4096,35249967802,https://github.com/f4ah6o/deepseek-v41-provider-bench/actions/runs/35249967802,20260917T165950Z-9c267fc2,2026-09-17T16:59:50.300730+00:00,fireworks,accounts/fireworks/models/deepseek-v4p1-flash,ok,200,stop,566.085446,3447.969001,4016.452019,185.3264921507918,280,0,639,0,USD,fixed,0.00048334,prepaid
repo-review,4096,35270167356,https://github.com/f4ah6o/deepseek-v41-provider-bench/actions/runs/35270167356,20260917T202016Z-985ebddc,2026-09-17T20:20:16.335644+00:00,opencode_go,deepseek-v4.1-flash,ok,200,stop,1125.279941,2492.433066,3663.05941,236.3152728290758,276,0,589,0,USD,offpeak,0.00039479999999999995,subscription
repo-review,4096,35270167356,https://github.com/f4ah6o/deepseek-v41-provider-bench/actions/runs/35270167356,20260917T202016Z-985ebddc,2026-09-17T20:20:16.425914+00:00,hai,deepseek-v4.1-flash,ok,200,stop,4386.141816,45232.026076,49628.988067,13.640777420920763,287,0,617,0,JPY,fixed,0.1653,subscription
repo-review,4096,35270167356,https://github.com/f4ah6o/deepseek-v41-provider-bench/actions/runs/35270167356,20260917T202016Z-985ebddc,2026-09-17T20:20:16.444593+00:00,deepseek,deepseek-flash,ok,200,stop,945.774082,2818.836881,3768.883058,257.9077934236805,276,0,727,0,USD,offpeak,0.00047759999999999995,prepaid
repo-review,4096,35270167356,https://github.com/f4ah6o/deepseek-v41-provider-bench/actions/runs/35270167356,20260917T202016Z-985ebddc,2026-09-17T20:20:16.463027+00:00,fireworks,accounts/fireworks/models/deepseek-v4p1-flash,ok,200,stop,827.038012,4546.18015,5374.847282,97.44444465096701,276,0,443,0,USD,fixed,0.0003531,prepaid
repo-review,4096,35287348334,https://github.com/f4ah6o/deepseek-v41-provider-bench/actions/runs/35287348334,20260917T233324Z-c5f2c26d,2026-09-17T23:33:24.150874+00:00,opencode_go,deepseek-v4.1-flash,ok,200,stop,1031.362188,3447.747934,4541.573897,237.256323739124,281,0,818,0,USD,offpeak,0.0005329499999999999,subscription
repo-review,4096,35287348334,https://github.com/f4ah6o/deepseek-v41-provider-bench/actions/runs/35287348334,20260917T233324Z-c5f2c26d,2026-09-17T23:33:24.230140+00:00,hai,deepseek-v4.1-flash,ok,200,stop,2212.313734,2662.835062,4898.051144,119.4215911221917,292,0,318,0,JPY,fixed,0.09384,subscription
repo-review,4096,35287348334,https://github.com/f4ah6o/deepseek-v41-provider-bench/actions/runs/35287348334,20260917T233324Z-c5f2c26d,2026-09-17T23:33:24.251327+00:00,deepseek,deepseek-flash,ok,200,stop,667.653091,2179.696371,2850.292675,236.27143984449935,281,0,515,0,USD,offpeak,0.00035115,prepaid
repo-review,4096,35287348334,https://github.com/f4ah6o/deepseek-v41-provider-bench/actions/runs/35287348334,20260917T233324Z-c5f2c26d,2026-09-17T23:33:24.270185+00:00,fireworks,accounts/fireworks/models/deepseek-v4p1-flash,ok,200,stop,682.0042,9511.994425,10195.333901,85.47103411490907,281,0,813,0,USD,fixed,0.0005984000000000001,prepaid
repo-review,4096,35308046595,https://github.com/f4ah6o/deepseek-v41-provider-bench/actions/runs/35308046595,20260918T044342Z-a641e9ca,2026-09-18T04:43:42.464488+00:00,opencode_go,deepseek-v4.1-flash,ok,200,stop,930.535043,2374.107984,3415.752013,266.6264568697057,279,0,633,0,USD,offpeak,0.00042165000000000003,subscription
repo-review,4096,35308046595,https://github.com/f4ah6o/deepseek-v41-provider-bench/actions/runs/35308046595,20260918T044342Z-a641e9ca,2026-09-18T04:43:42.550028+00:00,hai,deepseek-v4.1-flash,ok,200,stop,4579.271287,33650.25557,38259.615793,15.453077285498905,290,0,520,0,JPY,fixed,0.1422,subscription
repo-review,4096,35308046595,https://github.com/f4ah6o/deepseek-v41-provider-bench/actions/runs/35308046595,20260918T044342Z-a641e9ca,2026-09-18T04:43:42.568299+00:00,deepseek,deepseek-flash,ok,200,stop,961.20893,3578.864761,4557.467291,240.02024590612913,279,0,859,0,USD,offpeak,0.00055725,prepaid
repo-review,4096,35308046595,https://github.com/f4ah6o/deepseek-v41-provider-bench/actions/runs/35308046595,20260918T044342Z-a641e9ca,2026-09-18T04:43:42.586480+00:00,fireworks,accounts/fireworks/models/deepseek-v4p1-flash,ok,200,stop,688.844161,6894.617375,7617.538177,97.17725633759335,279,0,670,0,USD,fixed,0.00050358,prepaid
repo-review,4096,35331251585,https://github.com/f4ah6o/deepseek-v41-provider-bench/actions/runs/35331251585,20260918T094617Z-db17bb28,2026-09-18T09:46:17.885297+00:00,opencode_go,deepseek-v4.1-flash,ok,200,stop,889.573878,3480.157455,4414.513191,227.28856674675944,280,0,791,0,USD,peak,0.0010331999999999997,subscription
repo-review,4096,35331251585,https://github.com/f4ah6o/deepseek-v41-provider-bench/actions/runs/35331251585,20260918T094617Z-db17bb28,2026-09-18T09:46:17.944582+00:00,hai,deepseek-v4.1-flash,ok,200,stop,16564.73972,50296.354907,66882.067838,15.448435606053451,291,0,777,0,JPY,fixed,0.20394,subscription
repo-review,4096,35331251585,https://github.com/f4ah6o/deepseek-v41-provider-bench/actions/runs/35331251585,20260918T094617Z-db17bb28,2026-09-18T09:46:17.958082+00:00,deepseek,deepseek-flash,ok,200,stop,895.954507,2675.471664,3588.599593,251.91819785238434,280,0,674,0,USD,peak,0.0008927999999999999,prepaid
repo-review,4096,35331251585,https://github.com/f4ah6o/deepseek-v41-provider-bench/actions/runs/35331251585,20260918T094617Z-db17bb28,2026-09-18T09:46:17.971783+00:00,fireworks,accounts/fireworks/models/deepseek-v4p1-flash,ok,200,stop,431.450417,9419.844575,9855.048405,96.71072518731023,280,0,911,0,USD,fixed,0.00066286,prepaid
repo-review,4096,35356721119,https://github.com/f4ah6o/deepseek-v41-provider-bench/actions/runs/35356721119,20260918T143120Z-b107bb01,2026-09-18T14:31:20.968281+00:00,opencode_go,deepseek-v4.1-flash,ok,200,stop,1212.799088,5231.01618,6499.904543,143.18441660794102,281,0,749,0,USD,offpeak,0.00049155,subscription
repo-review,4096,35356721119,https://github.com/f4ah6o/deepseek-v41-provider-bench/actions/runs/35356721119,20260918T143120Z-b107bb01,2026-09-18T14:31:21.028037+00:00,hai,deepseek-v4.1-flash,transport_error,,,,,180702.066795,,,,,,,,,subscription
repo-review,4096,35356721119,https://github.com/f4ah6o/deepseek-v41-provider-bench/actions/runs/35356721119,20260918T143120Z-b107bb01,2026-09-18T14:31:21.041544+00:00,deepseek,deepseek-flash,ok,200,stop,758.468312,2821.814148,3583.041315,219.00804503302106,281,0,618,0,USD,offpeak,0.00041295,prepaid
repo-review,4096,35356721119,https://github.com/f4ah6o/deepseek-v41-provider-bench/actions/runs/35356721119,20260918T143120Z-b107bb01,2026-09-18T14:31:21.055182+00:00,fireworks,accounts/fireworks/models/deepseek-v4p1-flash,ok,200,stop,688.042083,4834.333501,5524.255645,152.86491919664522,281,0,739,0,USD,fixed,0.00054956,prepaid
repo-review,4096,35380422836,https://github.com/f4ah6o/deepseek-v41-provider-bench/actions/runs/35380422836,20260918T182906Z-b781c5f6,2026-09-18T18:29:06.121971+00:00,opencode_go,deepseek-v4.1-flash,ok,200,stop,1206.671946,2302.28624,3587.382058,266.6914258237499,281,0,614,0,USD,offpeak,0.00041055,subscription
repo-review,4096,35380422836,https://github.com/f4ah6o/deepseek-v41-provider-bench/actions/runs/35380422836,20260918T182906Z-b781c5f6,2026-09-18T18:29:06.204932+00:00,hai,deepseek-v4.1-flash,ok,200,stop,29272.772676,30516.575601,59790.119071,17.859146685584893,292,0,545,0,JPY,fixed,0.14832,subscription
repo-review,4096,35380422836,https://github.com/f4ah6o/deepseek-v41-provider-bench/actions/runs/35380422836,20260918T182906Z-b781c5f6,2026-09-18T18:29:06.223387+00:00,deepseek,deepseek-flash,ok,200,stop,1064.698168,3014.055596,4086.064678,252.483730230436,281,0,761,0,USD,offpeak,0.00049875,prepaid
repo-review,4096,35380422836,https://github.com/f4ah6o/deepseek-v41-provider-bench/actions/runs/35380422836,20260918T182906Z-b781c5f6,2026-09-18T18:29:06.241545+00:00,fireworks,accounts/fireworks/models/deepseek-v4p1-flash,ok,200,stop,1059.311718,5575.307531,6786.565624,119.81401856054853,281,0,668,0,USD,fixed,0.0005027,prepaid
repo-review,4096,35398006521,https://github.com/f4ah6o/deepseek-v41-provider-bench/actions/runs/35398006521,20260918T214128Z-394c82d0,2026-09-18T21:41:28.006289+00:00,opencode_go,deepseek-v4.1-flash,ok,200,stop,1097.268505,2904.731348,4050.727455,244.77306670358556,277,0,711,0,USD,offpeak,0.00046814999999999997,subscription
repo-review,4096,35398006521,https://github.com/f4ah6o/deepseek-v41-provider-bench/actions/runs/35398006521,20260918T214128Z-394c82d0,2026-09-18T21:41:28.086913+00:00,hai,deepseek-v4.1-flash,ok,200,stop,2328.766058,4359.359863,6719.572715,95.19746316937635,288,0,415,0,JPY,fixed,0.11688,subscription
repo-review,4096,35398006521,https://github.com/f4ah6o/deepseek-v41-provider-bench/actions/runs/35398006521,20260918T214128Z-394c82d0,2026-09-18T21:41:28.106157+00:00,deepseek,deepseek-flash,ok,200,stop,823.585398,2816.175404,3643.223263,245.72333066225445,277,0,692,0,USD,offpeak,0.00045675,prepaid
repo-review,4096,35398006521,https://github.com/f4ah6o/deepseek-v41-provider-bench/actions/runs/35398006521,20260918T214128Z-394c82d0,2026-09-18T21:41:28.124495+00:00,fireworks,accounts/fireworks/models/deepseek-v4p1-flash,ok,200,stop,438.233473,5975.603351,6415.240722,131.2001406299499,277,0,784,0,USD,fixed,0.0005783800000000001,prepaid
repo-review,4096,35409031058,https://github.com/f4ah6o/deepseek-v41-provider-bench/actions/runs/35409031058,20260919T002051Z-bfcccc97,2026-09-19T00:20:51.896394+00:00,opencode_go,deepseek-v4.1-flash,ok,200,stop,1251.444586,4023.457159,5333.373388,171.24576521432272,278,0,689,0,USD,offpeak,0.00045509999999999995,subscription
repo-review,4096,35409031058,https://github.com/f4ah6o/deepseek-v41-provider-bench/actions/runs/35409031058,20260919T002051Z-bfcccc97,2026-09-19T00:20:51.958127+00:00,hai,deepseek-v4.1-flash,ok,200,stop,7180.473287,87363.595408,94544.552021,7.279920166172107,289,0,636,0,JPY,fixed,0.16998,subscription
repo-review,4096,35409031058,https://github.com/f4ah6o/deepseek-v41-provider-bench/actions/runs/35409031058,20260919T002051Z-bfcccc97,2026-09-19T00:20:51.969211+00:00,deepseek,deepseek-flash,ok,200,stop,1035.029013,4531.792608,5585.017252,175.86859526471957,278,0,797,0,USD,offpeak,0.0005199,prepaid
repo-review,4096,35409031058,https://github.com/f4ah6o/deepseek-v41-provider-bench/actions/runs/35409031058,20260919T002051Z-bfcccc97,2026-09-19T00:20:51.980107+00:00,fireworks,accounts/fireworks/models/deepseek-v4p1-flash,ok,200,stop,599.917819,10594.988056,11196.416726,67.95665990319452,278,0,720,0,USD,fixed,0.00053636,prepaid
repo-review,4096,35425123110,https://github.com/f4ah6o/deepseek-v41-provider-bench/actions/runs/35425123110,20260919T055305Z-a8dbd104,2026-09-19T05:53:05.649376+00:00,opencode_go,deepseek-v4.1-flash,ok,200,stop,1137.039427,3116.648055,4273.222251,242.24743592359195,278,0,755,0,USD,offpeak,0.0004946999999999999,subscription
repo-review,4096,35425123110,https://github.com/f4ah6o/deepseek-v41-provider-bench/actions/runs/35425123110,20260919T055305Z-a8dbd104,2026-09-19T05:53:05.734270+00:00,hai,deepseek-v4.1-flash,ok,200,stop,2329.393324,3975.37147,6411.224762,197.71737205730864,289,0,786,0,JPY,fixed,0.20598,subscription
repo-review,4096,35425123110,https://github.com/f4ah6o/deepseek-v41-provider-bench/actions/runs/35425123110,20260919T055305Z-a8dbd104,2026-09-19T05:53:05.753710+00:00,deepseek,deepseek-flash,ok,200,stop,990.771639,2398.942085,3402.562541,233.8530819513302,278,0,561,0,USD,offpeak,0.0003783,prepaid
repo-review,4096,35425123110,https://github.com/f4ah6o/deepseek-v41-provider-bench/actions/runs/35425123110,20260919T055305Z-a8dbd104,2026-09-19T05:53:05.773120+00:00,fireworks,accounts/fireworks/models/deepseek-v4p1-flash,ok,200,stop,5716.7344,7669.001671,13390.092922,99.10025223672949,278,0,760,0,USD,fixed,0.00056276,prepaid
repo-review,4096,35438832031,https://github.com/f4ah6o/deepseek-v41-provider-bench/actions/runs/35438832031,20260919T105841Z-090db3ac,2026-09-19T10:58:41.071536+00:00,opencode_go,deepseek-v4.1-flash,ok,200,stop,894.58294,2698.607074,3598.52797,246.05286423406153,280,0,664,0,USD,offpeak,0.00044039999999999997,subscription
repo-review,4096,35438832031,https://github.com/f4ah6o/deepseek-v41-provider-bench/actions/runs/35438832031,20260919T105841Z-090db3ac,2026-09-19T10:58:41.149883+00:00,hai,deepseek-v4.1-flash,ok,200,stop,1469.392874,6055.617869,7576.521326,116.25568442882208,291,0,704,0,JPY,fixed,0.18642,subscription
repo-review,4096,35438832031,https://github.com/f4ah6o/deepseek-v41-provider-bench/actions/runs/35438832031,20260919T105841Z-090db3ac,2026-09-19T10:58:41.169093+00:00,deepseek,deepseek-flash,ok,200,stop,699.26354,2542.523531,3242.984651,251.32510759838473,280,0,639,0,USD,offpeak,0.0004254,prepaid
repo-review,4096,35438832031,https://github.com/f4ah6o/deepseek-v41-provider-bench/actions/runs/35438832031,20260919T105841Z-090db3ac,2026-09-19T10:58:41.187812+00:00,fireworks,accounts/fireworks/models/deepseek-v4p1-flash,ok,200,stop,1820.529551,7985.408982,9807.837679,96.30064054745493,280,0,769,0,USD,fixed,0.00056914,prepaid
repo-review,4096,35448676528,https://github.com/f4ah6o/deepseek-v41-provider-bench/actions/runs/35448676528,20260919T142524Z-914ee09c,2026-09-19T14:25:24.669357+00:00,opencode_go,deepseek-v4.1-flash,ok,200,stop,1177.71412,3374.440687,4570.59028,229.3713452963709,279,0,774,0,USD,offpeak,0.00050625,subscription
repo-review,4096,35448676528,https://github.com/f4ah6o/deepseek-v41-provider-bench/actions/runs/35448676528,20260919T142524Z-914ee09c,2026-09-19T14:25:24.740290+00:00,hai,deepseek-v4.1-flash,ok,200,stop,2481.599461,4486.306309,6968.562874,120.58918021596016,290,0,541,0,JPY,fixed,0.14724,subscription
repo-review,4096,35448676528,https://github.com/f4ah6o/deepseek-v41-provider-bench/actions/runs/35448676528,20260919T142524Z-914ee09c,2026-09-19T14:25:24.758875+00:00,deepseek,deepseek-flash,ok,200,stop,768.710786,2634.203818,3405.168261,259.2813795701514,279,0,683,0,USD,offpeak,0.00045165000000000005,prepaid
repo-review,4096,35448676528,https://github.com/f4ah6o/deepseek-v41-provider-bench/actions/runs/35448676528,20260919T142524Z-914ee09c,2026-09-19T14:25:24.777595+00:00,fireworks,accounts/fireworks/models/deepseek-v4p1-flash,ok,200,stop,737.356308,7615.526454,8354.050388,88.24078073381742,279,0,672,0,USD,fixed,0.0005049000000000001,prepaid
repo-review,4096,35459844040,https://github.com/f4ah6o/deepseek-v41-provider-bench/actions/runs/35459844040,20260919T180108Z-ca253d3c,2026-09-19T18:01:08.759517+00:00,opencode_go,deepseek-v4.1-flash,ok,200,stop,1454.113757,2901.36563,4356.32549,256.4309690261272,279,0,744,0,USD,offpeak,0.00048825,subscription
repo-review,4096,35459844040,https://github.com/f4ah6o/deepseek-v41-provider-bench/actions/runs/35459844040,20260919T180108Z-ca253d3c,2026-09-19T18:01:08.838040+00:00,hai,deepseek-v4.1-flash,ok,200,stop,1886.468475,5044.357565,6968.997603,103.68019975998668,290,0,523,0,JPY,fixed,0.14292,subscription
repo-review,4096,35459844040,https://github.com/f4ah6o/deepseek-v41-provider-bench/actions/runs/35459844040,20260919T180108Z-ca253d3c,2026-09-19T18:01:08.856160+00:00,deepseek,deepseek-flash,ok,200,stop,941.48451,3205.743219,4150.575695,237.3864492607073,279,0,761,0,USD,offpeak,0.00049845,prepaid
repo-review,4096,35459844040,https://github.com/f4ah6o/deepseek-v41-provider-bench/actions/runs/35459844040,20260919T180108Z-ca253d3c,2026-09-19T18:01:08.874247+00:00,fireworks,accounts/fireworks/models/deepseek-v4p1-flash,ok,200,stop,1634.854388,3680.906591,5316.660823,128.2292794807843,279,0,472,0,USD,fixed,0.0003729,prepaid
repo-review,4096,35468087409,https://github.com/f4ah6o/deepseek-v41-provider-bench/actions/runs/35468087409,20260919T204013Z-f2d9b663,2026-09-19T20:40:13.916280+00:00,opencode_go,deepseek-v4.1-flash,ok,200,stop,1088.730291,2514.823684,3610.559524,246.5381584977947,280,0,620,0,USD,offpeak,0.000414,subscription
repo-review,4096,35468087409,https://github.com/f4ah6o/deepseek-v41-provider-bench/actions/runs/35468087409,20260919T204013Z-f2d9b663,2026-09-19T20:40:13.979328+00:00,hai,deepseek-v4.1-flash,ok,200,stop,3447.274505,743.384556,4210.824195,425.0828154143143,291,0,316,0,JPY,fixed,0.0933,subscription
repo-review,4096,35468087409,https://github.com/f4ah6o/deepseek-v41-provider-bench/actions/runs/35468087409,20260919T204013Z-f2d9b663,2026-09-19T20:40:13.993470+00:00,deepseek,deepseek-flash,ok,200,stop,867.60843,2319.808667,3188.806536,243.12349894328594,280,0,564,0,USD,offpeak,0.0003804,prepaid
repo-review,4096,35468087409,https://github.com/f4ah6o/deepseek-v41-provider-bench/actions/runs/35468087409,20260919T204013Z-f2d9b663,2026-09-19T20:40:14.007382+00:00,fireworks,accounts/fireworks/models/deepseek-v4p1-flash,ok,200,stop,585.529341,7949.10736,8540.169506,93.46961442976409,280,0,743,0,USD,fixed,0.00055198,prepaid
repo-review,4096,35475092950,https://github.com/f4ah6o/deepseek-v41-provider-bench/actions/runs/35475092950,20260919T230455Z-0a617f4b,2026-09-19T23:04:55.083780+00:00,opencode_go,deepseek-v4.1-flash,ok,200,stop,1330.045435,2893.285994,4226.51736,238.82879239486618,278,0,691,0,USD,offpeak,0.0004563,subscription
repo-review,4096,35475092950,https://github.com/f4ah6o/deepseek-v41-provider-bench/actions/runs/35475092950,20260919T230455Z-0a617f4b,2026-09-19T23:04:55.166872+00:00,hai,deepseek-v4.1-flash,ok,200,stop,4979.852862,1548.692209,6529.292474,236.97413718958018,289,0,367,0,JPY,fixed,0.10542,subscription
repo-review,4096,35475092950,https://github.com/f4ah6o/deepseek-v41-provider-bench/actions/runs/35475092950,20260919T230455Z-0a617f4b,2026-09-19T23:04:55.185899+00:00,deepseek,deepseek-flash,ok,200,stop,830.945534,3096.35505,3929.487473,234.14627466575578,278,0,725,0,USD,offpeak,0.0004767,prepaid
repo-review,4096,35475092950,https://github.com/f4ah6o/deepseek-v41-provider-bench/actions/runs/35475092950,20260919T230455Z-0a617f4b,2026-09-19T23:04:55.204791+00:00,fireworks,accounts/fireworks/models/deepseek-v4p1-flash,ok,200,stop,1570.374724,4735.529291,6334.349159,123.53423747411048,278,0,585,0,USD,fixed,0.00044726000000000005,prepaid
repo-review,4096,35480623774,https://github.com/f4ah6o/deepseek-v41-provider-bench/actions/runs/35480623774,20260920T010856Z-a12d8f93,2026-09-20T01:08:56.535310+00:00,opencode_go,deepseek-v4.1-flash,ok,200,stop,1462.887842,2405.889536,3871.983101,246.47848171197165,281,0,593,0,USD,offpeak,0.00039795,subscription
repo-review,4096,35480623774,https://github.com/f4ah6o/deepseek-v41-provider-bench/actions/runs/35480623774,20260920T010856Z-a12d8f93,2026-09-20T01:08:56.612880+00:00,hai,deepseek-v4.1-flash,ok,200,stop,1828.585081,3311.518819,5154.690056,126.22606811161837,292,0,418,0,JPY,fixed,0.11784,subscription
repo-review,4096,35480623774,https://github.com/f4ah6o/deepseek-v41-provider-bench/actions/runs/35480623774,20260920T010856Z-a12d8f93,2026-09-20T01:08:56.631103+00:00,deepseek,deepseek-flash,ok,200,stop,952.103478,3522.73698,4475.823015,216.87682172627032,281,0,764,0,USD,offpeak,0.00050055,prepaid
repo-review,4096,35480623774,https://github.com/f4ah6o/deepseek-v41-provider-bench/actions/runs/35480623774,20260920T010856Z-a12d8f93,2026-09-20T01:08:56.649181+00:00,fireworks,accounts/fireworks/models/deepseek-v4p1-flash,ok,200,stop,1471.956816,9291.777901,10764.983669,71.4610279189453,281,0,664,0,USD,fixed,0.00050006,prepaid
repo-review,4096,35493783233,https://github.com/f4ah6o/deepseek-v41-provider-bench/actions/runs/35493783233,20260920T061613Z-74583ca1,2026-09-20T06:16:13.949750+00:00,opencode_go,deepseek-v4.1-flash,ok,200,stop,1283.511667,3748.293857,5039.299239,229.1709329021265,283,0,859,0,USD,offpeak,0.00055785,subscription
repo-review,4096,35493783233,https://github.com/f4ah6o/deepseek-v41-provider-bench/actions/runs/35493783233,20260920T061613Z-74583ca1,2026-09-20T06:16:14.026193+00:00,hai,deepseek-v4.1-flash,ok,200,stop,1607.911696,3468.236694,5112.631672,119.9456775022518,294,0,416,0,JPY,fixed,0.11748,subscription
repo-review,4096,35493783233,https://github.com/f4ah6o/deepseek-v41-provider-bench/actions/runs/35493783233,20260920T061613Z-74583ca1,2026-09-20T06:16:14.044660+00:00,deepseek,deepseek-flash,ok,200,stop,952.414596,2904.825673,3861.73984,230.99492896832436,283,0,671,0,USD,offpeak,0.00044504999999999995,prepaid
repo-review,4096,35493783233,https://github.com/f4ah6o/deepseek-v41-provider-bench/actions/runs/35493783233,20260920T061613Z-74583ca1,2026-09-20T06:16:14.062947+00:00,fireworks,accounts/fireworks/models/deepseek-v4p1-flash,ok,200,stop,547.839546,5110.698337,5659.512103,121.31414517491214,283,0,620,0,USD,fixed,0.00047146000000000004,prepaid
repo-review,4096,35508093030,https://github.com/f4ah6o/deepseek-v41-provider-bench/actions/runs/35508093030,20260920T113202Z-c592e1a6,2026-09-20T11:32:02.328054+00:00,opencode_go,deepseek-v4.1-flash,ok,200,stop,1102.640908,4278.666647,5384.411078,232.54908177940138,283,0,995,0,USD,offpeak,0.0006394500000000001,subscription
repo-review,4096,35508093030,https://github.com/f4ah6o/deepseek-v41-provider-bench/actions/runs/35508093030,20260920T113202Z-c592e1a6,2026-09-20T11:32:02.386734+00:00,hai,deepseek-v4.1-flash,ok,200,stop,27801.220634,4421.425889,32261.27177,89.79003831946848,294,0,397,0,JPY,fixed,0.11292,subscription
repo-review,4096,35508093030,https://github.com/f4ah6o/deepseek-v41-provider-bench/actions/runs/35508093030,20260920T113202Z-c592e1a6,2026-09-20T11:32:02.400266+00:00,deepseek,deepseek-flash,ok,200,stop,906.147161,3167.365664,4076.526766,243.1042328808929,283,0,770,0,USD,offpeak,0.00050445,prepaid
repo-review,4096,35508093030,https://github.com/f4ah6o/deepseek-v41-provider-bench/actions/runs/35508093030,20260920T113202Z-c592e1a6,2026-09-20T11:32:02.413634+00:00,fireworks,accounts/fireworks/models/deepseek-v4p1-flash,ok,200,stop,580.168845,5855.50624,6436.438075,105.37090641030554,283,0,617,0,USD,fixed,0.00046948000000000004,prepaid
repo-review,4096,35521628721,https://github.com/f4ah6o/deepseek-v41-provider-bench/actions/runs/35521628721,20260920T160600Z-5047897e,2026-09-20T16:06:00.159172+00:00,opencode_go,deepseek-v4.1-flash,ok,200,stop,1056.162236,3927.567741,4987.810584,224.05724306512988,281,0,880,0,USD,offpeak,0.00057015,subscription
repo-review,4096,35521628721,https://github.com/f4ah6o/deepseek-v41-provider-bench/actions/runs/35521628721,20260920T160600Z-5047897e,2026-09-20T16:06:00.241546+00:00,hai,deepseek-v4.1-flash,ok,200,stop,85425.396474,315312.861185,400790.800672,2.1375594939800173,292,0,674,0,JPY,fixed,0.17928,subscription
repo-review,4096,35521628721,https://github.com/f4ah6o/deepseek-v41-provider-bench/actions/runs/35521628721,20260920T160600Z-5047897e,2026-09-20T16:06:00.260093+00:00,deepseek,deepseek-flash,ok,200,stop,640.162486,3605.542245,4249.866641,239.90843574209737,281,0,865,0,USD,offpeak,0.00056115,prepaid
repo-review,4096,35521628721,https://github.com/f4ah6o/deepseek-v41-provider-bench/actions/runs/35521628721,20260920T160600Z-5047897e,2026-09-20T16:06:00.278446+00:00,fireworks,accounts/fireworks/models/deepseek-v4p1-flash,ok,200,stop,1289.170562,8738.352083,10028.641072,103.33756198228022,281,0,903,0,USD,fixed,0.0006578,prepaid
repo-review,4096,35530205287,https://github.com/f4ah6o/deepseek-v41-provider-bench/actions/runs/35530205287,20260920T184750Z-c7b7c316,2026-09-20T18:47:50.350519+00:00,opencode_go,deepseek-v4.1-flash,ok,200,stop,1193.170604,2739.588284,3934.577636,245.65735075248995,280,0,673,0,USD,offpeak,0.0004458,subscription
repo-review,4096,35530205287,https://github.com/f4ah6o/deepseek-v41-provider-bench/actions/runs/35530205287,20260920T184750Z-c7b7c316,2026-09-20T18:47:50.430682+00:00,hai,deepseek-v4.1-flash,ok,200,stop,9575.701253,107669.54193,117402.607943,5.814086219545598,291,0,626,0,JPY,fixed,0.1677,subscription
repo-review,4096,35530205287,https://github.com/f4ah6o/deepseek-v41-provider-bench/actions/runs/35530205287,20260920T184750Z-c7b7c316,2026-09-20T18:47:50.449198+00:00,deepseek,deepseek-flash,ok,200,stop,606.226039,2351.093338,2960.19623,254.77508285976862,280,0,599,0,USD,offpeak,0.0004014,prepaid
repo-review,4096,35530205287,https://github.com/f4ah6o/deepseek-v41-provider-bench/actions/runs/35530205287,20260920T184750Z-c7b7c316,2026-09-20T18:47:50.467535+00:00,fireworks,accounts/fireworks/models/deepseek-v4p1-flash,ok,200,stop,361.261294,4726.53652,5088.837395,100.707991567576,280,0,476,0,USD,fixed,0.00037576000000000005,prepaid
repo-review,4096,35539054699,https://github.com/f4ah6o/deepseek-v41-provider-bench/actions/runs/35539054699,20260920T213316Z-ee8a7c1c,2026-09-20T21:33:16.273114+00:00,opencode_go,deepseek-v4.1-flash,ok,200,stop,971.806809,3154.760203,4183.739463,244.07560335894095,281,0,770,0,USD,offpeak,0.00050415,subscription
repo-review,4096,35539054699,https://github.com/f4ah6o/deepseek-v41-provider-bench/actions/runs/35539054699,20260920T213316Z-ee8a7c1c,2026-09-20T21:33:16.333169+00:00,hai,deepseek-v4.1-flash,ok,200,stop,6498.651272,21207.57449,27863.113534,22.5862698360844,292,0,479,0,JPY,fixed,0.13248,subscription
repo-review,4096,35539054699,https://github.com/f4ah6o/deepseek-v41-provider-bench/actions/runs/35539054699,20260920T213316Z-ee8a7c1c,2026-09-20T21:33:16.347188+00:00,deepseek,deepseek-flash,ok,200,stop,565.383111,3304.972855,3873.038643,222.69471862273434,281,0,736,0,USD,offpeak,0.00048374999999999997,prepaid
repo-review,4096,35539054699,https://github.com/f4ah6o/deepseek-v41-provider-bench/actions/runs/35539054699,20260920T213316Z-ee8a7c1c,2026-09-20T21:33:16.360973+00:00,fireworks,accounts/fireworks/models/deepseek-v4p1-flash,ok,200,stop,377.442676,7961.093306,8339.356211,92.44961360336053,281,0,736,0,USD,fixed,0.0005475800000000001,prepaid
repo-review,4096,35547179743,https://github.com/f4ah6o/deepseek-v41-provider-bench/actions/runs/35547179743,20260921T001641Z-421b77c3,2026-09-21T00:16:41.310914+00:00,opencode_go,deepseek-v4.1-flash,ok,200,stop,1098.858395,3275.281138,4379.513154,238.1474954776844,279,0,780,0,USD,offpeak,0.0005098500000000001,subscription
repo-review,4096,35547179743,https://github.com/f4ah6o/deepseek-v41-provider-bench/actions/runs/35547179743,20260921T001641Z-421b77c3,2026-09-21T00:16:41.389869+00:00,hai,deepseek-v4.1-flash,ok,200,stop,4085.45377,22666.166922,26800.825344,20.38280233220988,290,0,462,0,JPY,fixed,0.12828,subscription
repo-review,4096,35547179743,https://github.com/f4ah6o/deepseek-v41-provider-bench/actions/runs/35547179743,20260921T001641Z-421b77c3,2026-09-21T00:16:41.408433+00:00,deepseek,deepseek-flash,ok,200,stop,639.283834,2694.709988,3338.103711,247.5219979033974,279,0,667,0,USD,offpeak,0.00044205000000000004,prepaid
repo-review,4096,35547179743,https://github.com/f4ah6o/deepseek-v41-provider-bench/actions/runs/35547179743,20260921T001641Z-421b77c3,2026-09-21T00:16:41.427105+00:00,fireworks,accounts/fireworks/models/deepseek-v4p1-flash,ok,200,stop,697.670108,9466.148249,10164.749876,86.30754331217109,279,0,817,0,USD,fixed,0.0006006000000000001,prepaid
repo-review,4096,35563208706,https://github.com/f4ah6o/deepseek-v41-provider-bench/actions/runs/35563208706,20260921T050446Z-2ff4a3b2,2026-09-21T05:04:46.651592+00:00,opencode_go,deepseek-v4.1-flash,ok,200,stop,803.33759,4324.100277,5130.13884,225.2491703720959,281,0,974,0,USD,offpeak,0.0006265499999999999,subscription
repo-review,4096,35563208706,https://github.com/f4ah6o/deepseek-v41-provider-bench/actions/runs/35563208706,20260921T050446Z-2ff4a3b2,2026-09-21T05:04:46.730651+00:00,hai,deepseek-v4.1-flash,ok,200,stop,2922.622854,3563.846616,6487.285487,122.33972080688447,292,0,436,0,JPY,fixed,0.12216,subscription
repo-review,4096,35563208706,https://github.com/f4ah6o/deepseek-v41-provider-bench/actions/runs/35563208706,20260921T050446Z-2ff4a3b2,2026-09-21T05:04:46.749923+00:00,deepseek,deepseek-flash,ok,200,stop,1035.492424,2512.469695,3564.00195,262.68973564674184,281,0,660,0,USD,offpeak,0.00043815,prepaid
repo-review,4096,35563208706,https://github.com/f4ah6o/deepseek-v41-provider-bench/actions/runs/35563208706,20260921T050446Z-2ff4a3b2,2026-09-21T05:04:46.769266+00:00,fireworks,accounts/fireworks/models/deepseek-v4p1-flash,ok,200,stop,531.931409,8786.596582,9319.569762,96.05539438660438,281,0,844,0,USD,fixed,0.0006188600000000002,prepaid
repo-review,4096,35590281940,https://github.com/f4ah6o/deepseek-v41-provider-bench/actions/runs/35590281940,20260921T104400Z-c3bfb242,2026-09-21T10:44:00.363647+00:00,opencode_go,deepseek-v4.1-flash,ok,200,stop,976.907654,3001.130604,3979.948889,250.23902625198778,281,0,751,0,USD,offpeak,0.0004927499999999999,subscription
repo-review,4096,35590281940,https://github.com/f4ah6o/deepseek-v41-provider-bench/actions/runs/35590281940,20260921T104400Z-c3bfb242,2026-09-21T10:44:00.443226+00:00,hai,deepseek-v4.1-flash,ok,200,stop,1733.842923,5201.967464,6996.604652,138.40917018084602,292,0,720,0,JPY,fixed,0.19032,subscription
repo-review,4096,35590281940,https://github.com/f4ah6o/deepseek-v41-provider-bench/actions/runs/35590281940,20260921T104400Z-c3bfb242,2026-09-21T10:44:00.461616+00:00,deepseek,deepseek-flash,ok,200,stop,821.159712,2577.000145,3406.077393,255.72369535120845,281,0,659,0,USD,offpeak,0.00043754999999999993,prepaid
repo-review,4096,35590281940,https://github.com/f4ah6o/deepseek-v41-provider-bench/actions/runs/35590281940,20260921T104400Z-c3bfb242,2026-09-21T10:44:00.480165+00:00,fireworks,accounts/fireworks/models/deepseek-v4p1-flash,ok,200,stop,995.092603,8876.6694,9872.741209,81.22415824115292,281,0,721,0,USD,fixed,0.00053768,prepaid
repo-review,4096,35629523710,https://github.com/f4ah6o/deepseek-v41-provider-bench/actions/runs/35629523710,20260921T170328Z-c58fcc60,2026-09-21T17:03:28.236355+00:00,opencode_go,deepseek-v4.1-flash,ok,200,stop,1028.155412,2708.782178,3738.871386,246.23611503988565,279,0,667,0,USD,offpeak,0.00044205000000000004,subscription
repo-review,4096,35629523710,https://github.com/f4ah6o/deepseek-v41-provider-bench/actions/runs/35629523710,20260921T170328Z-c58fcc60,2026-09-21T17:03:28.317122+00:00,hai,deepseek-v4.1-flash,ok,200,stop,2349.080752,3079.017934,5461.244961,128.93721586228344,290,0,397,0,JPY,fixed,0.11268,subscription
repo-review,4096,35629523710,https://github.com/f4ah6o/deepseek-v41-provider-bench/actions/runs/35629523710,20260921T170328Z-c58fcc60,2026-09-21T17:03:28.336787+00:00,deepseek,deepseek-flash,ok,200,stop,1011.564565,3210.32742,4226.829246,249.8187552470894,279,0,802,0,USD,offpeak,0.00052305,prepaid
repo-review,4096,35629523710,https://github.com/f4ah6o/deepseek-v41-provider-bench/actions/runs/35629523710,20260921T170328Z-c58fcc60,2026-09-21T17:03:28.355760+00:00,fireworks,accounts/fireworks/models/deepseek-v4p1-flash,ok,200,stop,460.081153,5371.395267,5832.348732,100.34636685768224,279,0,539,0,USD,fixed,0.00041712,prepaid
repo-review,4096,35654955625,https://github.com/f4ah6o/deepseek-v41-provider-bench/actions/runs/35654955625,20260921T210421Z-5b6a8b2b,2026-09-21T21:04:21.407127+00:00,opencode_go,deepseek-v4.1-flash,ok,200,stop,1129.921105,3905.267177,5040.0039,235.32320795166942,277,0,919,0,USD,offpeak,0.00059295,subscription
repo-review,4096,35654955625,https://github.com/f4ah6o/deepseek-v41-provider-bench/actions/runs/35654955625,20260921T210421Z-5b6a8b2b,2026-09-21T21:04:21.507963+00:00,hai,deepseek-v4.1-flash,ok,200,stop,6991.924433,4645.066549,11702.648884,149.40582501437052,288,0,694,0,JPY,fixed,0.18384,subscription
repo-review,4096,35654955625,https://github.com/f4ah6o/deepseek-v41-provider-bench/actions/runs/35654955625,20260921T210421Z-5b6a8b2b,2026-09-21T21:04:21.539752+00:00,deepseek,deepseek-flash,ok,200,stop,968.242399,3184.523339,4155.289853,232.05984737171366,277,0,739,0,USD,offpeak,0.00048495,prepaid
repo-review,4096,35654955625,https://github.com/f4ah6o/deepseek-v41-provider-bench/actions/runs/35654955625,20260921T210421Z-5b6a8b2b,2026-09-21T21:04:21.564436+00:00,fireworks,accounts/fireworks/models/deepseek-v4p1-flash,ok,200,stop,651.748684,9143.102529,9795.900025,85.6383265435872,277,0,783,0,USD,fixed,0.00057772,prepaid
repo-review,4096,35670555477,https://github.com/f4ah6o/deepseek-v41-provider-bench/actions/runs/35670555477,20260922T000702Z-d2443796,2026-09-22T00:07:02.476446+00:00,opencode_go,deepseek-v4.1-flash,ok,200,stop,22724.469618,5067.772411,27793.960206,133.78659201986804,280,0,678,0,USD,offpeak,0.0004488,subscription
repo-review,4096,35670555477,https://github.com/f4ah6o/deepseek-v41-provider-bench/actions/runs/35670555477,20260922T000702Z-d2443796,2026-09-22T00:07:02.554776+00:00,hai,deepseek-v4.1-flash,ok,200,stop,52095.918455,51880.764421,103977.653285,15.6898227904775,291,0,814,0,JPY,fixed,0.21282,subscription
repo-review,4096,35670555477,https://github.com/f4ah6o/deepseek-v41-provider-bench/actions/runs/35670555477,20260922T000702Z-d2443796,2026-09-22T00:07:02.573865+00:00,deepseek,deepseek-flash,ok,200,stop,548.817734,3398.785223,3949.672771,233.31865592261343,280,0,793,0,USD,offpeak,0.0005177999999999999,prepaid
repo-review,4096,35670555477,https://github.com/f4ah6o/deepseek-v41-provider-bench/actions/runs/35670555477,20260922T000702Z-d2443796,2026-09-22T00:07:02.592791+00:00,fireworks,accounts/fireworks/models/deepseek-v4p1-flash,ok,200,stop,602.183848,7403.655903,8006.93155,82.12159073379345,280,0,608,0,USD,fixed,0.00046288000000000004,prepaid
repo-review,4096,35688745325,https://github.com/f4ah6o/deepseek-v41-provider-bench/actions/runs/35688745325,20260922T045605Z-b92a3056,2026-09-22T04:56:05.684887+00:00,opencode_go,deepseek-v4.1-flash,ok,200,stop,1062.866291,3048.648635,4116.787987,232.8900719646231,278,0,710,0,USD,offpeak,0.0004677,subscription
repo-review,4096,35688745325,https://github.com/f4ah6o/deepseek-v41-provider-bench/actions/runs/35688745325,20260922T045605Z-b92a3056,2026-09-22T04:56:05.749924+00:00,hai,deepseek-v4.1-flash,ok,200,stop,4572.941953,91263.872272,95837.56014,5.380004023241957,289,0,491,0,JPY,fixed,0.13518,subscription
repo-review,4096,35688745325,https://github.com/f4ah6o/deepseek-v41-provider-bench/actions/runs/35688745325,20260922T045605Z-b92a3056,2026-09-22T04:56:05.764525+00:00,deepseek,deepseek-flash,ok,200,stop,909.718408,2010.580441,2922.083329,233.26597157522033,278,0,469,0,USD,offpeak,0.00032309999999999994,prepaid
repo-review,4096,35688745325,https://github.com/f4ah6o/deepseek-v41-provider-bench/actions/runs/35688745325,20260922T045605Z-b92a3056,2026-09-22T04:56:05.778506+00:00,fireworks,accounts/fireworks/models/deepseek-v4p1-flash,ok,200,stop,373.190376,6129.321471,6503.294658,166.25004983361558,278,0,1019,0,USD,fixed,0.0007337,prepaid
repo-review,4096,35713320151,https://github.com/f4ah6o/deepseek-v41-provider-bench/actions/runs/35713320151,20260922T095800Z-26d7f424,2026-09-22T09:58:00.749949+00:00,opencode_go,deepseek-v4.1-flash,ok,200,stop,949.359076,2886.744226,3841.963715,248.0302873913153,282,0,716,0,USD,peak,0.0009438,subscription
repo-review,4096,35713320151,https://github.com/f4ah6o/deepseek-v41-provider-bench/actions/runs/35713320151,20260922T095800Z-26d7f424,2026-09-22T09:58:00.835669+00:00,hai,deepseek-v4.1-flash,ok,200,stop,2005.797483,6798.977863,8858.056239,73.83462780955372,293,0,502,0,JPY,fixed,0.13806,subscription
repo-review,4096,35713320151,https://github.com/f4ah6o/deepseek-v41-provider-bench/actions/runs/35713320151,20260922T095800Z-26d7f424,2026-09-22T09:58:00.855196+00:00,deepseek,deepseek-flash,ok,200,stop,651.374135,1781.88892,2438.348822,260.39782547163486,282,0,464,0,USD,peak,0.0006414,prepaid
repo-review,4096,35713320151,https://github.com/f4ah6o/deepseek-v41-provider-bench/actions/runs/35713320151,20260922T095800Z-26d7f424,2026-09-22T09:58:00.874070+00:00,fireworks,accounts/fireworks/models/deepseek-v4p1-flash,ok,200,stop,987.864575,4305.615799,5294.636777,173.4943466561727,282,0,747,0,USD,fixed,0.00055506,prepaid
repo-review,4096,35743496998,https://github.com/f4ah6o/deepseek-v41-provider-bench/actions/runs/35743496998,20260922T145349Z-e8a6934f,2026-09-22T14:53:49.262987+00:00,opencode_go,deepseek-v4.1-flash,ok,200,stop,812.391795,3732.18706,4547.930337,222.38971055218224,280,0,830,0,USD,offpeak,0.00054,subscription
repo-review,4096,35743496998,https://github.com/f4ah6o/deepseek-v41-provider-bench/actions/runs/35743496998,20260922T145349Z-e8a6934f,2026-09-22T14:53:49.324089+00:00,hai,deepseek-v4.1-flash,ok,200,stop,1991.703979,7710.620565,9839.277089,60.82519507299864,291,0,469,0,JPY,fixed,0.13002,subscription
repo-review,4096,35743496998,https://github.com/f4ah6o/deepseek-v41-provider-bench/actions/runs/35743496998,20260922T145349Z-e8a6934f,2026-09-22T14:53:49.337836+00:00,deepseek,deepseek-flash,ok,200,stop,915.130689,1644.759743,2562.326829,240.15665612020027,280,0,395,0,USD,offpeak,0.000279,prepaid
repo-review,4096,35743496998,https://github.com/f4ah6o/deepseek-v41-provider-bench/actions/runs/35743496998,20260922T145349Z-e8a6934f,2026-09-22T14:53:49.352207+00:00,fireworks,accounts/fireworks/models/deepseek-v4p1-flash,ok,200,stop,642.347812,7217.317123,7861.089935,96.85039303212007,280,0,699,0,USD,fixed,0.0005229400000000001,prepaid
repo-review,4096,35770295784,https://github.com/f4ah6o/deepseek-v41-provider-bench/actions/runs/35770295784,20260922T185443Z-6b99712b,2026-09-22T18:54:43.607408+00:00,opencode_go,deepseek-v4.1-flash,ok,200,stop,1515.662693,2740.986275,4274.956395,248.45071506240942,277,0,681,0,USD,offpeak,0.00045014999999999996,subscription
repo-review,4096,35770295784,https://github.com/f4ah6o/deepseek-v41-provider-bench/actions/runs/35770295784,20260922T185443Z-6b99712b,2026-09-22T18:54:43.667072+00:00,hai,deepseek-v4.1-flash,ok,200,stop,1948.844481,4362.429923,6358.73272,132.03650492198406,288,0,576,0,JPY,fixed,0.15552,subscription
repo-review,4096,35770295784,https://github.com/f4ah6o/deepseek-v41-provider-bench/actions/runs/35770295784,20260922T185443Z-6b99712b,2026-09-22T18:54:43.681409+00:00,deepseek,deepseek-flash,ok,200,stop,881.419306,2837.234868,3721.234229,225.92419373862003,277,0,641,0,USD,offpeak,0.00042615,prepaid
repo-review,4096,35770295784,https://github.com/f4ah6o/deepseek-v41-provider-bench/actions/runs/35770295784,20260922T185443Z-6b99712b,2026-09-22T18:54:43.695400+00:00,fireworks,accounts/fireworks/models/deepseek-v4p1-flash,ok,200,stop,426.129286,3195.982451,3638.91273,212.45423290342092,277,0,679,0,USD,fixed,0.0005090800000000001,prepaid
repo-review,4096,35790759065,https://github.com/f4ah6o/deepseek-v41-provider-bench/actions/runs/35790759065,20260922T220905Z-900ec56a,2026-09-22T22:09:05.506392+00:00,opencode_go,deepseek-v4.1-flash,ok,200,stop,1233.498191,3494.807594,4729.271049,218.32389322660947,279,0,763,0,USD,offpeak,0.00049965,subscription
repo-review,4096,35790759065,https://github.com/f4ah6o/deepseek-v41-provider-bench/actions/runs/35790759065,20260922T220905Z-900ec56a,2026-09-22T22:09:05.584129+00:00,hai,deepseek-v4.1-flash,ok,200,stop,1753.494522,3145.811364,4939.939262,144.63677167897725,290,0,455,0,JPY,fixed,0.1266,subscription
repo-review,4096,35790759065,https://github.com/f4ah6o/deepseek-v41-provider-bench/actions/runs/35790759065,20260922T220905Z-900ec56a,2026-09-22T22:09:05.603345+00:00,deepseek,deepseek-flash,ok,200,stop,717.506778,3812.860465,4534.242819,229.22422890185672,279,0,874,0,USD,offpeak,0.00056625,prepaid
repo-review,4096,35790759065,https://github.com/f4ah6o/deepseek-v41-provider-bench/actions/runs/35790759065,20260922T220905Z-900ec56a,2026-09-22T22:09:05.621634+00:00,fireworks,accounts/fireworks/models/deepseek-v4p1-flash,ok,200,stop,454.871204,3991.822149,4447.884799,168.59468555446406,279,0,673,0,USD,fixed,0.00050556,prepaid
repo-review,4096,35802552699,https://github.com/f4ah6o/deepseek-v41-provider-bench/actions/runs/35802552699,20260923T003314Z-11c97b57,2026-09-23T00:33:14.367544+00:00,opencode_go,deepseek-v4.1-flash,ok,200,stop,1199.457305,3246.205037,4450.000262,223.0296582464455,276,0,724,0,USD,offpeak,0.00047579999999999996,subscription
repo-review,4096,35802552699,https://github.com/f4ah6o/deepseek-v41-provider-bench/actions/runs/35802552699,20260923T003314Z-11c97b57,2026-09-23T00:33:14.436568+00:00,hai,deepseek-v4.1-flash,ok,200,stop,3113.023723,5525.897363,8639.566683,111.29414095127484,287,0,615,0,JPY,fixed,0.16482,subscription
repo-review,4096,35802552699,https://github.com/f4ah6o/deepseek-v41-provider-bench/actions/runs/35802552699,20260923T003314Z-11c97b57,2026-09-23T00:33:14.454492+00:00,deepseek,deepseek-flash,ok,200,stop,1000.988065,1685.609174,2690.12474,242.64224845753006,276,0,409,0,USD,offpeak,0.0002868,prepaid
repo-review,4096,35802552699,https://github.com/f4ah6o/deepseek-v41-provider-bench/actions/runs/35802552699,20260923T003314Z-11c97b57,2026-09-23T00:33:14.473207+00:00,fireworks,accounts/fireworks/models/deepseek-v4p1-flash,ok,200,stop,275.235206,3348.722844,3624.842844,181.26313471644235,276,0,607,0,USD,fixed,0.00046134,prepaid
repo-review,4096,35824631007,https://github.com/f4ah6o/deepseek-v41-provider-bench/actions/runs/35824631007,20260923T055830Z-14b1b171,2026-09-23T05:58:30.409261+00:00,opencode_go,deepseek-v4.1-flash,ok,200,stop,1825.667964,5206.540392,7034.20063,136.75107583799957,280,0,712,0,USD,offpeak,0.00046919999999999997,subscription
repo-review,4096,35824631007,https://github.com/f4ah6o/deepseek-v41-provider-bench/actions/runs/35824631007,20260923T055830Z-14b1b171,2026-09-23T05:58:30.467141+00:00,hai,deepseek-v4.1-flash,ok,200,stop,3907.447972,62079.13122,66078.685041,9.971144696054914,291,0,619,0,JPY,fixed,0.16602,subscription
repo-review,4096,35824631007,https://github.com/f4ah6o/deepseek-v41-provider-bench/actions/runs/35824631007,20260923T055830Z-14b1b171,2026-09-23T05:58:30.480703+00:00,deepseek,deepseek-flash,ok,200,stop,1136.772169,3533.167305,4671.425401,207.4625786791039,280,0,733,0,USD,offpeak,0.0004818,prepaid
repo-review,4096,35824631007,https://github.com/f4ah6o/deepseek-v41-provider-bench/actions/runs/35824631007,20260923T055830Z-14b1b171,2026-09-23T05:58:30.494157+00:00,fireworks,accounts/fireworks/models/deepseek-v4p1-flash,ok,200,stop,512.139633,4460.344201,4995.875292,158.28374855952066,280,0,706,0,USD,fixed,0.00052756,prepaid
repo-review,4096,35855491748,https://github.com/f4ah6o/deepseek-v41-provider-bench/actions/runs/35855491748,20260923T113623Z-dbf24f33,2026-09-23T11:36:23.445123+00:00,opencode_go,deepseek-v4.1-flash,ok,200,stop,1494.464424,4284.912955,5781.65875,153.5620459295888,286,0,658,0,USD,offpeak,0.0004377,subscription
repo-review,4096,35855491748,https://github.com/f4ah6o/deepseek-v41-provider-bench/actions/runs/35855491748,20260923T113623Z-dbf24f33,2026-09-23T11:36:23.504211+00:00,hai,deepseek-v4.1-flash,ok,200,stop,1947.914401,3713.86587,5724.677121,154.28667056303786,297,0,573,0,JPY,fixed,0.15534,subscription
repo-review,4096,35855491748,https://github.com/f4ah6o/deepseek-v41-provider-bench/actions/runs/35855491748,20260923T113623Z-dbf24f33,2026-09-23T11:36:23.519323+00:00,deepseek,deepseek-flash,ok,200,stop,754.126962,2917.131054,3674.400555,228.9921116447722,286,0,668,0,USD,offpeak,0.0004437,prepaid
repo-review,4096,35855491748,https://github.com/f4ah6o/deepseek-v41-provider-bench/actions/runs/35855491748,20260923T113623Z-dbf24f33,2026-09-23T11:36:23.534435+00:00,fireworks,accounts/fireworks/models/deepseek-v4p1-flash,ok,200,stop,2681.417288,5592.647834,8274.99063,89.04547806004408,286,0,498,0,USD,fixed,0.00039160000000000003,prepaid
repo-review,4096,35892375072,https://github.com/f4ah6o/deepseek-v41-provider-bench/actions/runs/35892375072,20260923T165807Z-32ecd874,2026-09-23T16:58:07.361700+00:00,opencode_go,deepseek-v4.1-flash,ok,200,stop,1647.313193,4554.562082,6226.860671,154.35073391101926,278,0,703,0,USD,offpeak,0.0004635,subscription
repo-review,4096,35892375072,https://github.com/f4ah6o/deepseek-v41-provider-bench/actions/runs/35892375072,20260923T165807Z-32ecd874,2026-09-23T16:58:07.405228+00:00,hai,deepseek-v4.1-flash,ok,200,stop,6013.744356,4342.996241,10398.58072,100.16126560124279,289,0,435,0,JPY,fixed,0.12174,subscription
repo-review,4096,35892375072,https://github.com/f4ah6o/deepseek-v41-provider-bench/actions/runs/35892375072,20260923T165807Z-32ecd874,2026-09-23T16:58:07.416200+00:00,deepseek,deepseek-flash,ok,200,stop,904.352249,2802.217515,3715.002507,249.80216426917883,278,0,700,0,USD,offpeak,0.0004617,prepaid
repo-review,4096,35892375072,https://github.com/f4ah6o/deepseek-v41-provider-bench/actions/runs/35892375072,20260923T165807Z-32ecd874,2026-09-23T16:58:07.427024+00:00,fireworks,accounts/fireworks/models/deepseek-v4p1-flash,ok,200,stop,489.047671,7323.448783,7813.400914,90.25802181267197,278,0,661,0,USD,fixed,0.00049742,prepaid
repo-review,4096,35915414833,https://github.com/f4ah6o/deepseek-v41-provider-bench/actions/runs/35915414833,20260923T202156Z-183f031a,2026-09-23T20:21:56.707289+00:00,opencode_go,deepseek-v4.1-flash,ok,200,stop,1591.41875,4528.26559,6124.726365,134.046907791908,280,0,607,0,USD,offpeak,0.0004062,subscription
repo-review,4096,35915414833,https://github.com/f4ah6o/deepseek-v41-provider-bench/actions/runs/35915414833,20260923T202156Z-183f031a,2026-09-23T20:21:56.787764+00:00,hai,deepseek-v4.1-flash,ok,200,stop,4895.241601,20877.778724,25773.933745,29.3134632802903,291,0,612,0,JPY,fixed,0.16434,subscription
repo-review,4096,35915414833,https://github.com/f4ah6o/deepseek-v41-provider-bench/actions/runs/35915414833,20260923T202156Z-183f031a,2026-09-23T20:21:56.806483+00:00,deepseek,deepseek-flash,ok,200,stop,555.767458,3409.922242,3970.325744,235.48924081301675,280,0,803,0,USD,offpeak,0.0005237999999999999,prepaid
repo-review,4096,35915414833,https://github.com/f4ah6o/deepseek-v41-provider-bench/actions/runs/35915414833,20260923T202156Z-183f031a,2026-09-23T20:21:56.825054+00:00,fireworks,accounts/fireworks/models/deepseek-v4p1-flash,ok,200,stop,448.076392,8286.489735,8735.554217,96.54268883252288,280,0,800,0,USD,fixed,0.0005896,prepaid
repo-review,4096,35934872379,https://github.com/f4ah6o/deepseek-v41-provider-bench/actions/runs/35934872379,20260923T234208Z-926c2520,2026-09-23T23:42:08.300581+00:00,opencode_go,deepseek-v4.1-flash,ok,200,stop,1474.834803,6244.414534,7721.388092,155.8192517012036,283,0,973,0,USD,offpeak,0.00062625,subscription
repo-review,4096,35934872379,https://github.com/f4ah6o/deepseek-v41-provider-bench/actions/runs/35934872379,20260923T234208Z-926c2520,2026-09-23T23:42:08.379729+00:00,hai,deepseek-v4.1-flash,ok,200,stop,7352.31976,21600.25162,28990.867755,28.934848120996104,294,0,625,0,JPY,fixed,0.16764,subscription
repo-review,4096,35934872379,https://github.com/f4ah6o/deepseek-v41-provider-bench/actions/runs/35934872379,20260923T234208Z-926c2520,2026-09-23T23:42:08.399998+00:00,deepseek,deepseek-flash,ok,200,stop,418.619674,3507.458706,3930.487201,211.54917625422217,283,0,742,0,USD,offpeak,0.00048764999999999995,prepaid
repo-review,4096,35934872379,https://github.com/f4ah6o/deepseek-v41-provider-bench/actions/runs/35934872379,20260923T234208Z-926c2520,2026-09-23T23:42:08.418660+00:00,fireworks,accounts/fireworks/models/deepseek-v4p1-flash,ok,200,stop,619.944174,5837.147668,6458.273739,127.80214625880869,283,0,746,0,USD,fixed,0.00055462,prepaid
repo-review,4096,35957338126,https://github.com/f4ah6o/deepseek-v41-provider-bench/actions/runs/35957338126,20260924T045029Z-5679640f,2026-09-24T04:50:29.405068+00:00,opencode_go,deepseek-v4.1-flash,ok,200,stop,1274.242777,2644.112396,3923.140212,235.99601928570965,281,0,624,0,USD,offpeak,0.00041654999999999996,subscription
repo-review,4096,35957338126,https://github.com/f4ah6o/deepseek-v41-provider-bench/actions/runs/35957338126,20260924T045029Z-5679640f,2026-09-24T04:50:29.481929+00:00,hai,deepseek-v4.1-flash,ok,200,stop,2496.809656,2033.468417,4574.457396,197.6917844601075,292,0,402,0,JPY,fixed,0.114,subscription
repo-review,4096,35957338126,https://github.com/f4ah6o/deepseek-v41-provider-bench/actions/runs/35957338126,20260924T045029Z-5679640f,2026-09-24T04:50:29.500317+00:00,deepseek,deepseek-flash,ok,200,stop,672.546688,2691.024122,3366.334119,245.25978589499988,281,0,660,0,USD,offpeak,0.00043815,prepaid
repo-review,4096,35957338126,https://github.com/f4ah6o/deepseek-v41-provider-bench/actions/runs/35957338126,20260924T045029Z-5679640f,2026-09-24T04:50:29.518384+00:00,fireworks,accounts/fireworks/models/deepseek-v4p1-flash,ok,200,stop,1207.733765,5673.531295,6882.183236,134.83665819807555,281,0,765,0,USD,fixed,0.00056672,prepaid
repo-review,4096,35984706778,https://github.com/f4ah6o/deepseek-v41-provider-bench/actions/runs/35984706778,20260924T100055Z-3318f87e,2026-09-24T10:00:55.116778+00:00,opencode_go,deepseek-v4.1-flash,ok,200,stop,1241.816857,2870.571671,4118.165906,237.93170081765223,281,0,683,0,USD,offpeak,0.00045195,subscription
repo-review,4096,35984706778,https://github.com/f4ah6o/deepseek-v41-provider-bench/actions/runs/35984706778,20260924T100055Z-3318f87e,2026-09-24T10:00:55.175136+00:00,hai,deepseek-v4.1-flash,ok,200,stop,1898.854653,3612.185463,5579.112314,197.38742855352663,292,0,713,0,JPY,fixed,0.18864,subscription
repo-review,4096,35984706778,https://github.com/f4ah6o/deepseek-v41-provider-bench/actions/runs/35984706778,20260924T100055Z-3318f87e,2026-09-24T10:00:55.190180+00:00,deepseek,deepseek-flash,ok,200,stop,751.182241,3312.875701,4067.447396,237.256109476955,281,0,786,0,USD,offpeak,0.00051375,prepaid
repo-review,4096,35984706778,https://github.com/f4ah6o/deepseek-v41-provider-bench/actions/runs/35984706778,20260924T100055Z-3318f87e,2026-09-24T10:00:55.205135+00:00,fireworks,accounts/fireworks/models/deepseek-v4p1-flash,ok,200,stop,613.635346,8854.434216,9468.805411,91.02783761649667,281,0,806,0,USD,fixed,0.0005937800000000001,prepaid
repo-review,4096,36017642773,https://github.com/f4ah6o/deepseek-v41-provider-bench/actions/runs/36017642773,20260924T150611Z-7eea9e30,2026-09-24T15:06:11.856963+00:00,opencode_go,deepseek-v4.1-flash,ok,200,stop,3630.59564,4308.93506,7942.300169,151.31348950986512,281,0,652,0,USD,offpeak,0.00043335,subscription
repo-review,4096,36017642773,https://github.com/f4ah6o/deepseek-v41-provider-bench/actions/runs/36017642773,20260924T150611Z-7eea9e30,2026-09-24T15:06:11.938020+00:00,hai,deepseek-v4.1-flash,ok,200,stop,14623.556833,5898.386566,20559.466518,95.7889066235202,292,0,565,0,JPY,fixed,0.15312,subscription
repo-review,4096,36017642773,https://github.com/f4ah6o/deepseek-v41-provider-bench/actions/runs/36017642773,20260924T150611Z-7eea9e30,2026-09-24T15:06:11.957564+00:00,deepseek,deepseek-flash,ok,200,stop,681.720597,3415.803247,4100.643773,233.62001330166194,281,0,798,0,USD,offpeak,0.00052095,prepaid
repo-review,4096,36017642773,https://github.com/f4ah6o/deepseek-v41-provider-bench/actions/runs/36017642773,20260924T150611Z-7eea9e30,2026-09-24T15:06:11.976228+00:00,fireworks,accounts/fireworks/models/deepseek-v4p1-flash,ok,200,stop,3362.39313,9481.954454,12845.277613,78.04298191791335,281,0,740,0,USD,fixed,0.00055022,prepaid
repo-review,4096,36046251174,https://github.com/f4ah6o/deepseek-v41-provider-bench/actions/runs/36046251174,20260924T191002Z-6b847aa4,2026-09-24T19:10:02.859984+00:00,opencode_go,deepseek-v4.1-flash,ok,200,stop,1648.975587,5241.238898,6893.685231,152.44487334948417,280,0,799,0,USD,offpeak,0.0005214,subscription
repo-review,4096,36046251174,https://github.com/f4ah6o/deepseek-v41-provider-bench/actions/runs/36046251174,20260924T191002Z-6b847aa4,2026-09-24T19:10:02.942823+00:00,hai,deepseek-v4.1-flash,ok,200,stop,6477.521804,2224.215483,9057.151361,245.9294093494088,291,0,547,0,JPY,fixed,0.14874,subscription
repo-review,4096,36046251174,https://github.com/f4ah6o/deepseek-v41-provider-bench/actions/runs/36046251174,20260924T191002Z-6b847aa4,2026-09-24T19:10:02.962385+00:00,deepseek,deepseek-flash,ok,200,stop,845.392547,3117.274115,3965.412901,225.5175432334413,280,0,703,0,USD,offpeak,0.0004638,prepaid
repo-review,4096,36046251174,https://github.com/f4ah6o/deepseek-v41-provider-bench/actions/runs/36046251174,20260924T191002Z-6b847aa4,2026-09-24T19:10:02.981631+00:00,fireworks,accounts/fireworks/models/deepseek-v4p1-flash,ok,200,stop,1141.248001,7161.31195,8303.536599,98.44564863565257,280,0,705,0,USD,fixed,0.0005269,prepaid
repo-review,4096,36067190757,https://github.com/f4ah6o/deepseek-v41-provider-bench/actions/runs/36067190757,20260924T222408Z-4a73f994,2026-09-24T22:24:08.676266+00:00,opencode_go,deepseek-v4.1-flash,ok,200,stop,1515.892672,4862.816639,6381.475587,155.46545471956463,280,0,756,0,USD,offpeak,0.0004956,subscription
repo-review,4096,36067190757,https://github.com/f4ah6o/deepseek-v41-provider-bench/actions/runs/36067190757,20260924T222408Z-4a73f994,2026-09-24T22:24:08.758748+00:00,hai,deepseek-v4.1-flash,ok,200,stop,4669.490538,23528.55273,28303.479407,30.091098595166336,291,0,708,0,JPY,fixed,0.18738,subscription
repo-review,4096,36067190757,https://github.com/f4ah6o/deepseek-v41-provider-bench/actions/runs/36067190757,20260924T222408Z-4a73f994,2026-09-24T22:24:08.778244+00:00,deepseek,deepseek-flash,ok,200,stop,564.805066,3117.272215,3685.159069,234.499892721111,280,0,731,0,USD,offpeak,0.00048059999999999997,prepaid
repo-review,4096,36067190757,https://github.com/f4ah6o/deepseek-v41-provider-bench/actions/runs/36067190757,20260924T222408Z-4a73f994,2026-09-24T22:24:08.796691+00:00,fireworks,accounts/fireworks/models/deepseek-v4p1-flash,ok,200,stop,496.816798,6511.705667,7009.51708,114.87005682561973,280,0,748,0,USD,fixed,0.00055528,prepaid
repo-review,4096,36082283210,https://github.com/f4ah6o/deepseek-v41-provider-bench/actions/runs/36082283210,20260925T013020Z-0fa1a9aa,2026-09-25T01:30:20.853393+00:00,opencode_go,deepseek-v4.1-flash,ok,200,stop,1414.390497,5750.539943,7167.141626,144.85596278902327,281,0,833,0,USD,peak,0.0010838999999999998,subscription
repo-review,4096,36082283210,https://github.com/f4ah6o/deepseek-v41-provider-bench/actions/runs/36082283210,20260925T013020Z-0fa1a9aa,2026-09-25T01:30:20.924358+00:00,hai,deepseek-v4.1-flash,ok,200,stop,1662.238626,6499.407118,8202.334958,102.31702491113283,292,0,665,0,JPY,fixed,0.17712,subscription
repo-review,4096,36082283210,https://github.com/f4ah6o/deepseek-v41-provider-bench/actions/runs/36082283210,20260925T013020Z-0fa1a9aa,2026-09-25T01:30:20.942981+00:00,deepseek,deepseek-flash,ok,200,stop,963.716599,3846.76064,4813.616414,225.38444190798418,281,0,867,0,USD,peak,0.0011246999999999997,prepaid
repo-review,4096,36082283210,https://github.com/f4ah6o/deepseek-v41-provider-bench/actions/runs/36082283210,20260925T013020Z-0fa1a9aa,2026-09-25T01:30:20.961520+00:00,fireworks,accounts/fireworks/models/deepseek-v4p1-flash,ok,200,stop,604.103447,5864.863574,6469.940561,105.71430898215127,281,0,620,0,USD,fixed,0.00047102000000000005,prepaid
repo-review,4096,36109517245,https://github.com/f4ah6o/deepseek-v41-provider-bench/actions/runs/36109517245,20260925T074829Z-d3bae520,2026-09-25T07:48:29.239234+00:00,opencode_go,deepseek-v4.1-flash,ok,200,stop,1836.549256,4553.675962,6392.358178,135.05572314150533,276,0,615,0,USD,peak,0.0008208,subscription
repo-review,4096,36109517245,https://github.com/f4ah6o/deepseek-v41-provider-bench/actions/runs/36109517245,20260925T074829Z-d3bae520,2026-09-25T07:48:29.324083+00:00,hai,deepseek-v4.1-flash,ok,200,stop,2994.984193,6748.85797,9782.685598,106.83288983187772,287,0,721,0,JPY,fixed,0.19026,subscription
repo-review,4096,36109517245,https://github.com/f4ah6o/deepseek-v41-provider-bench/actions/runs/36109517245,20260925T074829Z-d3bae520,2026-09-25T07:48:29.343446+00:00,deepseek,deepseek-flash,ok,200,stop,880.628021,2694.694781,3576.236101,191.85846339455986,276,0,517,0,USD,peak,0.0007032,prepaid
repo-review,4096,36109517245,https://github.com/f4ah6o/deepseek-v41-provider-bench/actions/runs/36109517245,20260925T074829Z-d3bae520,2026-09-25T07:48:29.362163+00:00,fireworks,accounts/fireworks/models/deepseek-v4p1-flash,ok,200,stop,706.082182,9815.02745,10522.256647,75.19082384227056,276,0,738,0,USD,fixed,0.0005478000000000001,prepaid
repo-review,4096,36143167474,https://github.com/f4ah6o/deepseek-v41-provider-bench/actions/runs/36143167474,20260925T134715Z-5160e326,2026-09-25T13:47:15.657542+00:00,opencode_go,deepseek-v4.1-flash,ok,200,stop,1722.067153,4734.660694,6458.379126,155.6605737205125,278,0,737,0,USD,offpeak,0.0004839,subscription
repo-review,4096,36143167474,https://github.com/f4ah6o/deepseek-v41-provider-bench/actions/runs/36143167474,20260925T134715Z-5160e326,2026-09-25T13:47:15.717612+00:00,hai,deepseek-v4.1-flash,ok,200,stop,14043.580037,7079.062635,21663.053099,105.38118370526325,289,0,746,0,JPY,fixed,0.19638,subscription
repo-review,4096,36143167474,https://github.com/f4ah6o/deepseek-v41-provider-bench/actions/runs/36143167474,20260925T134715Z-5160e326,2026-09-25T13:47:15.731718+00:00,deepseek,deepseek-flash,ok,200,stop,910.921902,2843.833672,3759.899726,242.98186170432263,278,0,691,0,USD,offpeak,0.0004563,prepaid
repo-review,4096,36143167474,https://github.com/f4ah6o/deepseek-v41-provider-bench/actions/runs/36143167474,20260925T134715Z-5160e326,2026-09-25T13:47:15.745619+00:00,fireworks,accounts/fireworks/models/deepseek-v4p1-flash,ok,200,stop,1033.805432,6633.950178,7668.50861,86.07239799502757,278,0,571,0,USD,fixed,0.00043802000000000007,prepaid
repo-review,4096,36174497752,https://github.com/f4ah6o/deepseek-v41-provider-bench/actions/runs/36174497752,20260925T183641Z-ba43e749,2026-09-25T18:36:41.692223+00:00,opencode_go,deepseek-v4.1-flash,ok,200,stop,2125.324414,4882.950364,7012.007398,150.93333846553105,281,0,737,0,USD,offpeak,0.00048435,subscription
repo-review,4096,36174497752,https://github.com/f4ah6o/deepseek-v41-provider-bench/actions/runs/36174497752,20260925T183641Z-ba43e749,2026-09-25T18:36:41.737659+00:00,hai,deepseek-v4.1-flash,ok,200,stop,7364.980184,2441.316791,10172.900759,156.0633185355419,292,0,381,0,JPY,fixed,0.10896,subscription
repo-review,4096,36174497752,https://github.com/f4ah6o/deepseek-v41-provider-bench/actions/runs/36174497752,20260925T183641Z-ba43e749,2026-09-25T18:36:41.748924+00:00,deepseek,deepseek-flash,ok,200,stop,1162.386037,2695.489821,3864.077237,254.49919886749962,281,0,686,0,USD,offpeak,0.00045374999999999994,prepaid
repo-review,4096,36174497752,https://github.com/f4ah6o/deepseek-v41-provider-bench/actions/runs/36174497752,20260925T183641Z-ba43e749,2026-09-25T18:36:41.759900+00:00,fireworks,accounts/fireworks/models/deepseek-v4p1-flash,ok,200,stop,522.787193,6545.092298,7069.002182,125.28471145480553,281,0,820,0,USD,fixed,0.0006030200000000001,prepaid
repo-review,4096,36196187286,https://github.com/f4ah6o/deepseek-v41-provider-bench/actions/runs/36196187286,20260925T222017Z-53c9fd54,2026-09-25T22:20:17.674841+00:00,opencode_go,deepseek-v4.1-flash,ok,200,stop,3933.631759,3750.811991,7686.632134,175.42868093065132,281,0,658,0,USD,offpeak,0.00043694999999999997,subscription
repo-review,4096,36196187286,https://github.com/f4ah6o/deepseek-v41-provider-bench/actions/runs/36196187286,20260925T222017Z-53c9fd54,2026-09-25T22:20:17.753450+00:00,hai,deepseek-v4.1-flash,ok,200,stop,3360.287708,15668.037433,19133.998305,31.14621100994915,292,0,488,0,JPY,fixed,0.13464,subscription
repo-review,4096,36196187286,https://github.com/f4ah6o/deepseek-v41-provider-bench/actions/runs/36196187286,20260925T222017Z-53c9fd54,2026-09-25T22:20:17.772185+00:00,deepseek,deepseek-flash,ok,200,stop,934.160678,3303.475521,4240.827875,210.38448615160786,281,0,695,0,USD,offpeak,0.00045914999999999997,prepaid
repo-review,4096,36196187286,https://github.com/f4ah6o/deepseek-v41-provider-bench/actions/runs/36196187286,20260925T222017Z-53c9fd54,2026-09-25T22:20:17.790388+00:00,fireworks,accounts/fireworks/models/deepseek-v4p1-flash,ok,200,stop,304.422882,3518.361585,3823.791456,126.47932546137096,281,0,445,0,USD,fixed,0.00035551999999999996,prepaid
repo-review,4096,36208846158,https://github.com/f4ah6o/deepseek-v41-provider-bench/actions/runs/36208846158,20260926T013356Z-8edd84e6,2026-09-26T01:33:56.763998+00:00,opencode_go,deepseek-v4.1-flash,ok,200,stop,1484.069727,1537.250422,3024.41254,206.21233565028092,280,0,317,0,USD,offpeak,0.00023219999999999998,subscription
repo-review,4096,36208846158,https://github.com/f4ah6o/deepseek-v41-provider-bench/actions/runs/36208846158,20260926T013356Z-8edd84e6,2026-09-26T01:33:56.839624+00:00,hai,deepseek-v4.1-flash,ok,200,stop,4141.004369,26642.637935,30885.320889,16.777617932974398,291,0,447,0,JPY,fixed,0.12474,subscription
repo-review,4096,36208846158,https://github.com/f4ah6o/deepseek-v41-provider-bench/actions/runs/36208846158,20260926T013356Z-8edd84e6,2026-09-26T01:33:56.857259+00:00,deepseek,deepseek-flash,ok,200,stop,782.921081,2773.467515,3559.038676,232.20030395776965,280,0,644,0,USD,offpeak,0.00042839999999999995,prepaid
repo-review,4096,36208846158,https://github.com/f4ah6o/deepseek-v41-provider-bench/actions/runs/36208846158,20260926T013356Z-8edd84e6,2026-09-26T01:33:56.874675+00:00,fireworks,accounts/fireworks/models/deepseek-v4p1-flash,ok,200,stop,605.794394,6015.851606,6622.595148,94.08476755568428,280,0,566,0,USD,fixed,0.00043516000000000003,prepaid
repo-review,4096,36227510296,https://github.com/f4ah6o/deepseek-v41-provider-bench/actions/runs/36227510296,20260926T074054Z-56b602ac,2026-09-26T07:40:54.328365+00:00,opencode_go,deepseek-v4.1-flash,ok,200,stop,1483.174291,4597.119866,6319.58715,175.3271664637513,284,0,806,0,USD,offpeak,0.0005261999999999999,subscription
repo-review,4096,36227510296,https://github.com/f4ah6o/deepseek-v41-provider-bench/actions/runs/36227510296,20260926T074054Z-56b602ac,2026-09-26T07:40:54.407693+00:00,hai,deepseek-v4.1-flash,ok,200,stop,3562.556237,32443.222058,36954.93481,84.14700596381807,374,0,2730,1905,JPY,fixed,0.67764,subscription
repo-review,4096,36227510296,https://github.com/f4ah6o/deepseek-v41-provider-bench/actions/runs/36227510296,20260926T074054Z-56b602ac,2026-09-26T07:40:54.426088+00:00,deepseek,deepseek-flash,ok,200,stop,1244.679903,3473.721405,4722.787399,215.90677908725385,284,0,750,0,USD,offpeak,0.0004926,prepaid
repo-review,4096,36227510296,https://github.com/f4ah6o/deepseek-v41-provider-bench/actions/runs/36227510296,20260926T074054Z-56b602ac,2026-09-26T07:40:54.444207+00:00,fireworks,accounts/fireworks/models/deepseek-v4p1-flash,ok,200,stop,972.019224,4718.279711,5691.395245,150.26663178680718,284,0,709,0,USD,fixed,0.00053042,prepaid
repo-review,4096,36243983736,https://github.com/f4ah6o/deepseek-v41-provider-bench/actions/runs/36243983736,20260926T130524Z-acc9a5e5,2026-09-26T13:05:24.060890+00:00,opencode_go,deepseek-v4.1-flash,ok,200,stop,1328.679235,3900.305949,5230.23819,155.62881679977664,280,0,607,0,USD,offpeak,0.0004062,subscription
repo-review,4096,36243983736,https://github.com/f4ah6o/deepseek-v41-provider-bench/actions/runs/36243983736,20260926T130524Z-acc9a5e5,2026-09-26T13:05:24.140355+00:00,hai,deepseek-v4.1-flash,ok,200,stop,2264.893912,3345.103641,5646.393759,166.21308625097993,291,0,556,0,JPY,fixed,0.1509,subscription
repo-review,4096,36243983736,https://github.com/f4ah6o/deepseek-v41-provider-bench/actions/runs/36243983736,20260926T130524Z-acc9a5e5,2026-09-26T13:05:24.159540+00:00,deepseek,deepseek-flash,ok,200,stop,555.124488,3192.696259,3751.821067,235.85081038553002,280,0,753,0,USD,offpeak,0.0004938,prepaid
repo-review,4096,36243983736,https://github.com/f4ah6o/deepseek-v41-provider-bench/actions/runs/36243983736,20260926T130524Z-acc9a5e5,2026-09-26T13:05:24.178013+00:00,fireworks,accounts/fireworks/models/deepseek-v4p1-flash,ok,200,stop,441.537661,9498.072459,9940.64101,81.17436493858611,280,0,771,0,USD,fixed,0.0005704600000000001,prepaid
repo-review,4096,36258072268,https://github.com/f4ah6o/deepseek-v41-provider-bench/actions/runs/36258072268,20260926T171038Z-78470df6,2026-09-26T17:10:38.863224+00:00,opencode_go,deepseek-v4.1-flash,ok,200,stop,1025.873823,3485.426277,4516.355434,243.29879119689667,278,0,848,0,USD,offpeak,0.0005505,subscription
repo-review,4096,36258072268,https://github.com/f4ah6o/deepseek-v41-provider-bench/actions/runs/36258072268,20260926T171038Z-78470df6,2026-09-26T17:10:38.945631+00:00,hai,deepseek-v4.1-flash,ok,200,stop,12496.197703,1506.260747,14077.431853,405.6402593089681,289,0,611,0,JPY,fixed,0.16398,subscription
repo-review,4096,36258072268,https://github.com/f4ah6o/deepseek-v41-provider-bench/actions/runs/36258072268,20260926T171038Z-78470df6,2026-09-26T17:10:38.965173+00:00,deepseek,deepseek-flash,ok,200,stop,691.402591,1928.664907,2623.186263,250.9507993033649,278,0,484,0,USD,offpeak,0.00033209999999999994,prepaid
repo-review,4096,36258072268,https://github.com/f4ah6o/deepseek-v41-provider-bench/actions/runs/36258072268,20260926T171038Z-78470df6,2026-09-26T17:10:38.984017+00:00,fireworks,accounts/fireworks/models/deepseek-v4p1-flash,ok,200,stop,655.644021,12695.606131,13352.159256,70.49683101105336,278,0,895,0,USD,fixed,0.00065186,prepaid
repo-review,4096,36267504370,https://github.com/f4ah6o/deepseek-v41-provider-bench/actions/runs/36267504370,20260926T195153Z-ad9e3bdc,2026-09-26T19:51:53.751852+00:00,opencode_go,deepseek-v4.1-flash,ok,200,stop,1738.99593,3873.077794,5615.993812,174.2800005323105,284,0,675,0,USD,offpeak,0.00044760000000000004,subscription
repo-review,4096,36267504370,https://github.com/f4ah6o/deepseek-v41-provider-bench/actions/runs/36267504370,20260926T195153Z-ad9e3bdc,2026-09-26T19:51:53.831933+00:00,hai,deepseek-v4.1-flash,ok,200,stop,3510.645244,25217.147179,28793.857833,29.265800558700064,295,0,738,0,JPY,fixed,0.19482,subscription
repo-review,4096,36267504370,https://github.com/f4ah6o/deepseek-v41-provider-bench/actions/runs/36267504370,20260926T195153Z-ad9e3bdc,2026-09-26T19:51:53.850668+00:00,deepseek,deepseek-flash,ok,200,stop,1000.876067,3234.092087,4237.539607,238.08845861104263,284,0,770,0,USD,offpeak,0.0005046,prepaid
repo-review,4096,36267504370,https://github.com/f4ah6o/deepseek-v41-provider-bench/actions/runs/36267504370,20260926T195153Z-ad9e3bdc,2026-09-26T19:51:53.869319+00:00,fireworks,accounts/fireworks/models/deepseek-v4p1-flash,ok,200,stop,1938.299925,11073.436327,13012.618994,58.69903260428077,284,0,650,0,USD,fixed,0.00049148,prepaid
repo-review,4096,36277548458,https://github.com/f4ah6o/deepseek-v41-provider-bench/actions/runs/36277548458,20260926T225022Z-ed985ebf,2026-09-26T22:50:22.895481+00:00,opencode_go,deepseek-v4.1-flash,ok,200,stop,1351.486593,3425.597144,4779.161135,159.38826927046273,280,0,546,0,USD,offpeak,0.0003696,subscription
repo-review,4096,36277548458,https://github.com/f4ah6o/deepseek-v41-provider-bench/actions/runs/36277548458,20260926T225022Z-ed985ebf,2026-09-26T22:50:22.974094+00:00,hai,deepseek-v4.1-flash,ok,200,stop,1766.230472,3275.648845,5077.848889,196.9075534407596,291,0,645,0,JPY,fixed,0.17226,subscription
repo-review,4096,36277548458,https://github.com/f4ah6o/deepseek-v41-provider-bench/actions/runs/36277548458,20260926T225022Z-ed985ebf,2026-09-26T22:50:22.992919+00:00,deepseek,deepseek-flash,ok,200,stop,692.060545,2930.962001,3641.90759,243.60602415056695,280,0,714,0,USD,offpeak,0.0004704,prepaid
repo-review,4096,36277548458,https://github.com/f4ah6o/deepseek-v41-provider-bench/actions/runs/36277548458,20260926T225022Z-ed985ebf,2026-09-26T22:50:23.011067+00:00,fireworks,accounts/fireworks/models/deepseek-v4p1-flash,ok,200,stop,315.990347,4072.618879,4389.620338,150.76294105643464,280,0,614,0,USD,fixed,0.00046684000000000005,prepaid
repo-review,4096,36285574853,https://github.com/f4ah6o/deepseek-v41-provider-bench/actions/runs/36285574853,20260927T012728Z-9a43c098,2026-09-27T01:27:28.908280+00:00,opencode_go,deepseek-v4.1-flash,ok,200,stop,1336.524964,5205.385569,6548.167581,133.13134844939668,277,0,693,0,USD,offpeak,0.00045735000000000003,subscription
repo-review,4096,36285574853,https://github.com/f4ah6o/deepseek-v41-provider-bench/actions/runs/36285574853,20260927T012728Z-9a43c098,2026-09-27T01:27:28.984787+00:00,hai,deepseek-v4.1-flash,ok,200,stop,2165.012689,3142.277246,5335.960544,148.93657158856567,288,0,468,0,JPY,fixed,0.1296,subscription
repo-review,4096,36285574853,https://github.com/f4ah6o/deepseek-v41-provider-bench/actions/runs/36285574853,20260927T012728Z-9a43c098,2026-09-27T01:27:29.003607+00:00,deepseek,deepseek-flash,ok,200,stop,819.176036,2997.322619,3819.336831,252.55873198346552,277,0,757,0,USD,offpeak,0.00049575,prepaid
repo-review,4096,36285574853,https://github.com/f4ah6o/deepseek-v41-provider-bench/actions/runs/36285574853,20260927T012728Z-9a43c098,2026-09-27T01:27:29.021910+00:00,fireworks,accounts/fireworks/models/deepseek-v4p1-flash,ok,200,stop,677.00101,6797.24279,7475.215981,89.74227033605783,277,0,610,0,USD,fixed,0.00046354,prepaid
repo-review,4096,36305325855,https://github.com/f4ah6o/deepseek-v41-provider-bench/actions/runs/36305325855,20260927T080955Z-99f9af6a,2026-09-27T08:09:55.178787+00:00,opencode_go,deepseek-v4.1-flash,ok,200,stop,1796.566296,4178.119717,5976.59271,152.46092576241037,279,0,637,0,USD,offpeak,0.00042405000000000003,subscription
repo-review,4096,36305325855,https://github.com/f4ah6o/deepseek-v41-provider-bench/actions/runs/36305325855,20260927T080955Z-99f9af6a,2026-09-27T08:09:55.267737+00:00,hai,deepseek-v4.1-flash,ok,200,stop,4599.178542,5386.801488,10008.991683,91.70562551830943,290,0,494,0,JPY,fixed,0.13596,subscription
repo-review,4096,36305325855,https://github.com/f4ah6o/deepseek-v41-provider-bench/actions/runs/36305325855,20260927T080955Z-99f9af6a,2026-09-27T08:09:55.286233+00:00,deepseek,deepseek-flash,ok,200,stop,828.151934,3444.26092,4273.422453,248.23903294759677,279,0,855,0,USD,offpeak,0.0005548500000000001,prepaid
repo-review,4096,36305325855,https://github.com/f4ah6o/deepseek-v41-provider-bench/actions/runs/36305325855,20260927T080955Z-99f9af6a,2026-09-27T08:09:55.304455+00:00,fireworks,accounts/fireworks/models/deepseek-v4p1-flash,ok,200,stop,2226.190145,8977.314351,11204.507982,91.22995675302046,279,0,819,0,USD,fixed,0.00060192,prepaid
repo-review,4096,36324222687,https://github.com/f4ah6o/deepseek-v41-provider-bench/actions/runs/36324222687,20260927T135816Z-1680ee49,2026-09-27T13:58:16.171905+00:00,opencode_go,deepseek-v4.1-flash,ok,200,stop,1438.514691,4597.167214,6038.915374,136.6058641694646,279,0,628,0,USD,offpeak,0.00041865,subscription
repo-review,4096,36324222687,https://github.com/f4ah6o/deepseek-v41-provider-bench/actions/runs/36324222687,20260927T135816Z-1680ee49,2026-09-27T13:58:16.250266+00:00,hai,deepseek-v4.1-flash,ok,200,stop,4010.405822,4515.438219,8565.078932,100.10102631857092,290,0,452,0,JPY,fixed,0.12588,subscription
repo-review,4096,36324222687,https://github.com/f4ah6o/deepseek-v41-provider-bench/actions/runs/36324222687,20260927T135816Z-1680ee49,2026-09-27T13:58:16.268068+00:00,deepseek,deepseek-flash,ok,200,stop,987.647935,3411.355842,4401.380229,223.9578734630288,279,0,764,0,USD,offpeak,0.00050025,prepaid
repo-review,4096,36324222687,https://github.com/f4ah6o/deepseek-v41-provider-bench/actions/runs/36324222687,20260927T135816Z-1680ee49,2026-09-27T13:58:16.285583+00:00,fireworks,accounts/fireworks/models/deepseek-v4p1-flash,ok,200,stop,1025.969541,8373.055627,9400.368719,96.85830790193556,279,0,811,0,USD,fixed,0.00059664,prepaid
repo-review,4096,36340480248,https://github.com/f4ah6o/deepseek-v41-provider-bench/actions/runs/36340480248,20260927T182351Z-90c7c3a1,2026-09-27T18:23:51.733934+00:00,opencode_go,deepseek-v4.1-flash,ok,200,stop,1808.158301,4377.855805,6208.2817,158.52509331334633,284,0,694,0,USD,offpeak,0.000459,subscription
repo-review,4096,36340480248,https://github.com/f4ah6o/deepseek-v41-provider-bench/actions/runs/36340480248,20260927T182351Z-90c7c3a1,2026-09-27T18:23:51.831979+00:00,hai,deepseek-v4.1-flash,ok,200,stop,2021.693695,7114.445829,9156.698099,103.45148697315354,295,0,736,0,JPY,fixed,0.19434,subscription
repo-review,4096,36340480248,https://github.com/f4ah6o/deepseek-v41-provider-bench/actions/runs/36340480248,20260927T182351Z-90c7c3a1,2026-09-27T18:23:51.850501+00:00,deepseek,deepseek-flash,ok,200,stop,893.760632,2882.243453,3778.018949,252.92797499156987,284,0,729,0,USD,offpeak,0.00048,prepaid
repo-review,4096,36340480248,https://github.com/f4ah6o/deepseek-v41-provider-bench/actions/runs/36340480248,20260927T182351Z-90c7c3a1,2026-09-27T18:23:51.869072+00:00,fireworks,accounts/fireworks/models/deepseek-v4p1-flash,ok,200,stop,443.62138,6018.407657,6463.323388,104.67885126844939,284,0,630,0,USD,fixed,0.00047828000000000004,prepaid
repo-review,4096,36354371623,https://github.com/f4ah6o/deepseek-v41-provider-bench/actions/runs/36354371623,20260927T221058Z-0df1707d,2026-09-27T22:10:58.324732+00:00,opencode_go,deepseek-v4.1-flash,ok,200,stop,1806.561566,4414.449589,6230.90985,164.23338524616233,279,0,725,0,USD,offpeak,0.00047685,subscription
repo-review,4096,36354371623,https://github.com/f4ah6o/deepseek-v41-provider-bench/actions/runs/36354371623,20260927T221058Z-0df1707d,2026-09-27T22:10:58.404483+00:00,hai,deepseek-v4.1-flash,ok,200,stop,1781.508697,3804.903621,5620.923653,102.23649236554473,290,0,389,0,JPY,fixed,0.11076,subscription
repo-review,4096,36354371623,https://github.com/f4ah6o/deepseek-v41-provider-bench/actions/runs/36354371623,20260927T221058Z-0df1707d,2026-09-27T22:10:58.423204+00:00,deepseek,deepseek-flash,ok,200,stop,817.588451,3293.953958,4128.368729,235.88672152289993,279,0,777,0,USD,offpeak,0.00050805,prepaid
repo-review,4096,36354371623,https://github.com/f4ah6o/deepseek-v41-provider-bench/actions/runs/36354371623,20260927T221058Z-0df1707d,2026-09-27T22:10:58.441617+00:00,fireworks,accounts/fireworks/models/deepseek-v4p1-flash,ok,200,stop,546.324944,5937.419524,6484.656072,96.67499452915533,279,0,574,0,USD,fixed,0.00044022,prepaid
repo-review,4096,36363434105,https://github.com/f4ah6o/deepseek-v41-provider-bench/actions/runs/36363434105,20260928T004624Z-f5b7ab0d,2026-09-28T00:46:24.271930+00:00,opencode_go,deepseek-v4.1-flash,ok,200,stop,1851.036641,5815.52519,7668.89571,126.55778729418587,280,0,736,0,USD,offpeak,0.0004836,subscription
repo-review,4096,36363434105,https://github.com/f4ah6o/deepseek-v41-provider-bench/actions/runs/36363434105,20260928T004624Z-f5b7ab0d,2026-09-28T00:46:24.347474+00:00,hai,deepseek-v4.1-flash,ok,200,stop,2080.017085,6964.749122,9086.897825,84.99947228967827,291,0,592,0,JPY,fixed,0.15954,subscription
repo-review,4096,36363434105,https://github.com/f4ah6o/deepseek-v41-provider-bench/actions/runs/36363434105,20260928T004624Z-f5b7ab0d,2026-09-28T00:46:24.365026+00:00,deepseek,deepseek-flash,ok,200,stop,947.474408,3711.142857,4683.53227,230.11779198668557,280,0,854,0,USD,offpeak,0.0005543999999999999,prepaid
repo-review,4096,36363434105,https://github.com/f4ah6o/deepseek-v41-provider-bench/actions/runs/36363434105,20260928T004624Z-f5b7ab0d,2026-09-28T00:46:24.382558+00:00,fireworks,accounts/fireworks/models/deepseek-v4p1-flash,ok,200,stop,945.753401,5848.986374,6795.760616,96.08502466311268,280,0,562,0,USD,fixed,0.00043252000000000004,prepaid
repo-review,4096,36388755481,https://github.com/f4ah6o/deepseek-v41-provider-bench/actions/runs/36388755481,20260928T065405Z-07ed6e33,2026-09-28T06:54:05.804487+00:00,opencode_go,deepseek-v4.1-flash,ok,200,stop,1489.209598,7526.23746,9017.428377,120.77748075729728,280,0,909,0,USD,peak,0.0011748,subscription
repo-review,4096,36388755481,https://github.com/f4ah6o/deepseek-v41-provider-bench/actions/runs/36388755481,20260928T065405Z-07ed6e33,2026-09-28T06:54:05.862047+00:00,hai,deepseek-v4.1-flash,ok,200,stop,2245.290232,3895.807646,6162.345794,160.17217909633928,291,0,624,0,JPY,fixed,0.16722,subscription
repo-review,4096,36388755481,https://github.com/f4ah6o/deepseek-v41-provider-bench/actions/runs/36388755481,20260928T065405Z-07ed6e33,2026-09-28T06:54:05.876969+00:00,deepseek,deepseek-flash,ok,200,stop,999.809568,3498.249634,4502.90518,236.97565546575856,280,0,829,0,USD,peak,0.0010788,prepaid
repo-review,4096,36388755481,https://github.com/f4ah6o/deepseek-v41-provider-bench/actions/runs/36388755481,20260928T065405Z-07ed6e33,2026-09-28T06:54:05.891844+00:00,fireworks,accounts/fireworks/models/deepseek-v4p1-flash,ok,200,stop,1303.859343,10438.306921,11744.921752,77.21558736488892,280,0,806,0,USD,fixed,0.00059356,prepaid
repo-review,4096,36443733087,https://github.com/f4ah6o/deepseek-v41-provider-bench/actions/runs/36443733087,20260928T152743Z-d9f21572,2026-09-28T15:27:43.577572+00:00,opencode_go,deepseek-v4.1-flash,ok,200,stop,1509.170537,5156.295338,6670.731886,136.72607051896532,281,0,705,0,USD,offpeak,0.00046515,subscription
repo-review,4096,36443733087,https://github.com/f4ah6o/deepseek-v41-provider-bench/actions/runs/36443733087,20260928T152743Z-d9f21572,2026-09-28T15:27:43.658746+00:00,hai,deepseek-v4.1-flash,ok,200,stop,6740.539313,44899.487316,51641.123254,16.41444132341727,292,0,737,0,JPY,fixed,0.1944,subscription
repo-review,4096,36443733087,https://github.com/f4ah6o/deepseek-v41-provider-bench/actions/runs/36443733087,20260928T152743Z-d9f21572,2026-09-28T15:27:43.677611+00:00,deepseek,deepseek-flash,ok,200,stop,1043.698558,2878.349979,3936.835961,252.9226832426134,281,0,728,0,USD,offpeak,0.00047895,prepaid
repo-review,4096,36443733087,https://github.com/f4ah6o/deepseek-v41-provider-bench/actions/runs/36443733087,20260928T152743Z-d9f21572,2026-09-28T15:27:43.696234+00:00,fireworks,accounts/fireworks/models/deepseek-v4p1-flash,ok,200,stop,826.945972,9423.625405,10251.673293,77.0404137259953,281,0,726,0,USD,fixed,0.00054098,prepaid
repo-review,4096,36489744235,https://github.com/f4ah6o/deepseek-v41-provider-bench/actions/runs/36489744235,20260928T220034Z-2da1ce0b,2026-09-28T22:00:34.388168+00:00,opencode_go,deepseek-v4.1-flash,ok,200,stop,1464.460009,2766.137064,4231.51822,160.87416845371476,282,0,445,0,USD,offpeak,0.00030930000000000004,subscription
repo-review,4096,36489744235,https://github.com/f4ah6o/deepseek-v41-provider-bench/actions/runs/36489744235,20260928T220034Z-2da1ce0b,2026-09-28T22:00:34.468329+00:00,hai,deepseek-v4.1-flash,ok,200,stop,3601.6749,10518.554431,14171.720254,33.7498847706443,293,0,355,0,JPY,fixed,0.10278,subscription
repo-review,4096,36489744235,https://github.com/f4ah6o/deepseek-v41-provider-bench/actions/runs/36489744235,20260928T220034Z-2da1ce0b,2026-09-28T22:00:34.487228+00:00,deepseek,deepseek-flash,ok,200,stop,791.809037,1467.136002,2265.984087,225.60962279487435,282,0,331,0,USD,offpeak,0.00024089999999999997,prepaid
repo-review,4096,36489744235,https://github.com/f4ah6o/deepseek-v41-provider-bench/actions/runs/36489744235,20260928T220034Z-2da1ce0b,2026-09-28T22:00:34.505585+00:00,fireworks,accounts/fireworks/models/deepseek-v4p1-flash,ok,200,stop,2479.298781,10314.519503,12794.808618,69.222807692819,282,0,714,0,USD,fixed,0.00053328,prepaid
repo-review,4096,36510303539,https://github.com/f4ah6o/deepseek-v41-provider-bench/actions/runs/36510303539,20260929T015722Z-6d06f97f,2026-09-29T01:57:22.653866+00:00,opencode_go,deepseek-v4.1-flash,ok,200,stop,1585.892399,4707.833668,6300.045714,139.34222112793643,283,0,656,0,USD,peak,0.0008720999999999999,subscription
repo-review,4096,36510303539,https://github.com/f4ah6o/deepseek-v41-provider-bench/actions/runs/36510303539,20260929T015722Z-6d06f97f,2026-09-29T01:57:22.729321+00:00,hai,deepseek-v4.1-flash,ok,200,stop,2004.827466,3237.933753,5293.334191,161.83160001791427,294,0,524,0,JPY,fixed,0.1434,subscription
repo-review,4096,36510303539,https://github.com/f4ah6o/deepseek-v41-provider-bench/actions/runs/36510303539,20260929T015722Z-6d06f97f,2026-09-29T01:57:22.747229+00:00,deepseek,deepseek-flash,ok,200,stop,1107.939417,3127.826884,4239.712481,214.52593921754908,283,0,671,0,USD,peak,0.0008900999999999999,prepaid
repo-review,4096,36510303539,https://github.com/f4ah6o/deepseek-v41-provider-bench/actions/runs/36510303539,20260929T015722Z-6d06f97f,2026-09-29T01:57:22.764746+00:00,fireworks,accounts/fireworks/models/deepseek-v4p1-flash,ok,200,stop,614.698067,10459.08752,11112.642329,80.9822079010579,283,0,847,0,USD,fixed,0.00062128,prepaid
repo-review,4096,36543118610,https://github.com/f4ah6o/deepseek-v41-provider-bench/actions/runs/36543118610,20260929T083025Z-5df6dcea,2026-09-29T08:30:25.253730+00:00,opencode_go,deepseek-v4.1-flash,ok,200,stop,1431.618689,5663.070804,7097.738724,136.49838166494519,278,0,773,0,USD,peak,0.001011,subscription
repo-review,4096,36543118610,https://github.com/f4ah6o/deepseek-v41-provider-bench/actions/runs/36543118610,20260929T083025Z-5df6dcea,2026-09-29T08:30:25.332227+00:00,hai,deepseek-v4.1-flash,transport_error,200,,,,260265.023567,,,,,,,,,subscription
repo-review,4096,36543118610,https://github.com/f4ah6o/deepseek-v41-provider-bench/actions/runs/36543118610,20260929T083025Z-5df6dcea,2026-09-29T08:30:25.350943+00:00,deepseek,deepseek-flash,ok,200,stop,768.751575,3180.47029,3953.737016,232.35557405568468,278,0,739,0,USD,peak,0.0009702,prepaid
repo-review,4096,36543118610,https://github.com/f4ah6o/deepseek-v41-provider-bench/actions/runs/36543118610,20260929T083025Z-5df6dcea,2026-09-29T08:30:25.369381+00:00,fireworks,accounts/fireworks/models/deepseek-v4p1-flash,ok,200,stop,1310.874056,10181.494633,11493.342534,67.27892364445152,278,0,685,0,USD,fixed,0.00051326,prepaid
repo-review,4096,36593367824,https://github.com/f4ah6o/deepseek-v41-provider-bench/actions/runs/36593367824,20260929T155133Z-b01a96ff,2026-09-29T15:51:33.768664+00:00,opencode_go,deepseek-v4.1-flash,ok,200,stop,1905.585803,7370.131737,9282.256105,141.2457792001066,277,0,1041,0,USD,offpeak,0.00066615,subscription
repo-review,4096,36593367824,https://github.com/f4ah6o/deepseek-v41-provider-bench/actions/runs/36593367824,20260929T155133Z-b01a96ff,2026-09-29T15:51:33.836840+00:00,hai,deepseek-v4.1-flash,ok,200,stop,5590.760139,5754.124595,11378.029687,105.66333591878018,288,0,608,0,JPY,fixed,0.1632,subscription
repo-review,4096,36593367824,https://github.com/f4ah6o/deepseek-v41-provider-bench/actions/runs/36593367824,20260929T155133Z-b01a96ff,2026-09-29T15:51:33.853423+00:00,deepseek,deepseek-flash,ok,200,stop,898.259154,3441.011497,4342.926133,256.02936833198265,277,0,881,0,USD,offpeak,0.00057015,prepaid
repo-review,4096,36593367824,https://github.com/f4ah6o/deepseek-v41-provider-bench/actions/runs/36593367824,20260929T155133Z-b01a96ff,2026-09-29T15:51:33.870710+00:00,fireworks,accounts/fireworks/models/deepseek-v4p1-flash,ok,200,stop,569.050626,8105.847936,8675.74865,80.43575516687314,277,0,652,0,USD,fixed,0.00049126,prepaid
repo-review,4096,36628763559,https://github.com/f4ah6o/deepseek-v41-provider-bench/actions/runs/36628763559,20260929T204701Z-5a825963,2026-09-29T20:47:01.890291+00:00,opencode_go,deepseek-v4.1-flash,ok,200,stop,1717.447167,2158.142703,3880.015635,185.34455550319558,276,0,400,0,USD,offpeak,0.00028139999999999996,subscription
repo-review,4096,36628763559,https://github.com/f4ah6o/deepseek-v41-provider-bench/actions/runs/36628763559,20260929T204701Z-5a825963,2026-09-29T20:47:01.953246+00:00,hai,deepseek-v4.1-flash,ok,200,stop,2093.192269,7701.574815,9859.550148,96.60361911319042,287,0,744,0,JPY,fixed,0.19578,subscription
repo-review,4096,36628763559,https://github.com/f4ah6o/deepseek-v41-provider-bench/actions/runs/36628763559,20260929T204701Z-5a825963,2026-09-29T20:47:01.967651+00:00,deepseek,deepseek-flash,ok,200,stop,508.315595,2410.912736,2921.048484,246.7944986624352,276,0,595,0,USD,offpeak,0.0003984,prepaid
repo-review,4096,36628763559,https://github.com/f4ah6o/deepseek-v41-provider-bench/actions/runs/36628763559,20260929T204701Z-5a825963,2026-09-29T20:47:01.981714+00:00,fireworks,accounts/fireworks/models/deepseek-v4p1-flash,ok,200,stop,646.978266,5026.897435,5674.828992,144.02521821096198,276,0,724,0,USD,fixed,0.0005385600000000001,prepaid
repo-review,4096,36650383035,https://github.com/f4ah6o/deepseek-v41-provider-bench/actions/runs/36650383035,20260930T002707Z-d5582bb4,2026-09-30T00:27:07.235569+00:00,opencode_go,deepseek-v4.1-flash,ok,200,stop,1694.11433,4663.526006,6361.326309,149.88658776656987,279,0,699,0,USD,offpeak,0.00046125,subscription
repo-review,4096,36650383035,https://github.com/f4ah6o/deepseek-v41-provider-bench/actions/runs/36650383035,20260930T002707Z-d5582bb4,2026-09-30T00:27:07.297245+00:00,hai,deepseek-v4.1-flash,ok,200,stop,2290.503977,4374.854218,6702.538536,93.94598757347667,290,0,411,0,JPY,fixed,0.11604,subscription
repo-review,4096,36650383035,https://github.com/f4ah6o/deepseek-v41-provider-bench/actions/runs/36650383035,20260930T002707Z-d5582bb4,2026-09-30T00:27:07.311276+00:00,deepseek,deepseek-flash,ok,200,stop,818.690357,2874.995371,3697.375827,211.47860136850286,279,0,608,0,USD,offpeak,0.00040665000000000005,prepaid
repo-review,4096,36650383035,https://github.com/f4ah6o/deepseek-v41-provider-bench/actions/runs/36650383035,20260930T002707Z-d5582bb4,2026-09-30T00:27:07.328027+00:00,fireworks,accounts/fireworks/models/deepseek-v4p1-flash,ok,200,stop,848.639892,4048.810208,4898.196799,157.083184275552,279,0,636,0,USD,fixed,0.00048114,prepaid
repo-review,4096,36679686527,https://github.com/f4ah6o/deepseek-v41-provider-bench/actions/runs/36679686527,20260930T064320Z-c5a378db,2026-09-30T06:43:20.562427+00:00,opencode_go,deepseek-v4.1-flash,ok,200,stop,1138.547353,4598.768145,5744.24223,220.2763801217902,278,0,1013,0,USD,peak,0.001299,subscription
repo-review,4096,36679686527,https://github.com/f4ah6o/deepseek-v41-provider-bench/actions/runs/36679686527,20260930T064320Z-c5a378db,2026-09-30T06:43:20.632742+00:00,hai,deepseek-v4.1-flash,ok,200,stop,28157.34544,97583.688597,125780.776236,6.363768463032779,289,0,621,0,JPY,fixed,0.16638,subscription
repo-review,4096,36679686527,https://github.com/f4ah6o/deepseek-v41-provider-bench/actions/runs/36679686527,20260930T064320Z-c5a378db,2026-09-30T06:43:20.649301+00:00,deepseek,deepseek-flash,ok,200,stop,756.998051,2313.195971,3072.149096,249.4384424120199,278,0,577,0,USD,peak,0.0007758,prepaid
repo-review,4096,36679686527,https://github.com/f4ah6o/deepseek-v41-provider-bench/actions/runs/36679686527,20260930T064320Z-c5a378db,2026-09-30T06:43:20.665418+00:00,fireworks,accounts/fireworks/models/deepseek-v4p1-flash,ok,200,stop,1238.047065,7650.909644,8889.863215,102.3407720693767,278,0,783,0,USD,fixed,0.00057794,prepaid
repo-review,4096,36723690037,https://github.com/f4ah6o/deepseek-v41-provider-bench/actions/runs/36723690037,20260930T134321Z-44320a40,2026-09-30T13:43:21.681418+00:00,opencode_go,deepseek-v4.1-flash,ok,200,stop,1334.526079,5480.824369,6818.199614,158.3703365700752,279,0,868,0,USD,offpeak,0.0005626499999999999,subscription
repo-review,4096,36723690037,https://github.com/f4ah6o/deepseek-v41-provider-bench/actions/runs/36723690037,20260930T134321Z-44320a40,2026-09-30T13:43:21.757471+00:00,hai,deepseek-v4.1-flash,ok,200,stop,4403.554931,64352.584467,68893.152609,11.374834531709748,290,0,732,0,JPY,fixed,0.19308,subscription
repo-review,4096,36723690037,https://github.com/f4ah6o/deepseek-v41-provider-bench/actions/runs/36723690037,20260930T134321Z-44320a40,2026-09-30T13:43:21.776338+00:00,deepseek,deepseek-flash,ok,200,stop,688.693302,3274.97929,3966.439179,235.42133605370066,279,0,771,0,USD,offpeak,0.00050445,prepaid
repo-review,4096,36723690037,https://github.com/f4ah6o/deepseek-v41-provider-bench/actions/runs/36723690037,20260930T134321Z-44320a40,2026-09-30T13:43:21.793987+00:00,fireworks,accounts/fireworks/models/deepseek-v4p1-flash,ok,200,stop,702.355733,8024.623432,8728.371065,90.72076791752438,279,0,728,0,USD,fixed,0.00054186,prepaid
repo-review,4096,36764882842,https://github.com/f4ah6o/deepseek-v41-provider-bench/actions/runs/36764882842,20260930T191952Z-1832c893,2026-09-30T19:19:52.634220+00:00,opencode_go,deepseek-v4.1-flash,ok,200,stop,2565.523616,3715.868633,6286.407889,176.80926450555714,282,0,657,0,USD,offpeak,0.0004365,subscription
repo-review,4096,36764882842,https://github.com/f4ah6o/deepseek-v41-provider-bench/actions/runs/36764882842,20260930T191952Z-1832c893,2026-09-30T19:19:52.723182+00:00,hai,deepseek-v4.1-flash,ok,200,stop,3609.73155,28632.645006,32287.825714,22.107632734152023,293,0,633,0,JPY,fixed,0.1695,subscription
repo-review,4096,36764882842,https://github.com/f4ah6o/deepseek-v41-provider-bench/actions/runs/36764882842,20260930T191952Z-1832c893,2026-09-30T19:19:52.741131+00:00,deepseek,deepseek-flash,ok,200,stop,682.706655,3169.407189,3855.427826,245.4717723554706,282,0,778,0,USD,offpeak,0.0005091,prepaid
repo-review,4096,36764882842,https://github.com/f4ah6o/deepseek-v41-provider-bench/actions/runs/36764882842,20260930T191952Z-1832c893,2026-09-30T19:19:52.758915+00:00,fireworks,accounts/fireworks/models/deepseek-v4p1-flash,ok,200,stop,1269.845546,9718.126773,10988.792427,82.93779437404753,282,0,806,0,USD,fixed,0.000594,prepaid
repo-review,4096,36793037947,https://github.com/f4ah6o/deepseek-v41-provider-bench/actions/runs/36793037947,20260930T234926Z-360f1b72,2026-09-30T23:49:26.865570+00:00,opencode_go,deepseek-v4.1-flash,ok,200,stop,1296.128472,3936.808323,5246.288608,184.92137291694095,280,0,728,0,USD,offpeak,0.00047880000000000004,subscription
repo-review,4096,36793037947,https://github.com/f4ah6o/deepseek-v41-provider-bench/actions/runs/36793037947,20260930T234926Z-360f1b72,2026-09-30T23:49:26.926424+00:00,hai,deepseek-v4.1-flash,ok,200,stop,3322.061987,25653.296948,29005.479719,21.322795315891966,291,0,547,0,JPY,fixed,0.14874,subscription
repo-review,4096,36793037947,https://github.com/f4ah6o/deepseek-v41-provider-bench/actions/runs/36793037947,20260930T234926Z-360f1b72,2026-09-30T23:49:26.941863+00:00,deepseek,deepseek-flash,ok,200,stop,740.291229,1884.120357,2626.237765,230.34621880050096,280,0,434,0,USD,offpeak,0.0003024,prepaid
repo-review,4096,36793037947,https://github.com/f4ah6o/deepseek-v41-provider-bench/actions/runs/36793037947,20260930T234926Z-360f1b72,2026-09-30T23:49:26.956890+00:00,fireworks,accounts/fireworks/models/deepseek-v4p1-flash,ok,200,stop,487.171286,7572.844743,8060.75956,82.13558063169711,280,0,622,0,USD,fixed,0.0004721200000000001,prepaid
repo-review,4096,36821932517,https://github.com/f4ah6o/deepseek-v41-provider-bench/actions/runs/36821932517,20261001T055324Z-b6f97188,2026-10-01T05:53:24.874889+00:00,opencode_go,deepseek-v4.1-flash,ok,200,stop,1192.150513,4215.569979,5408.865648,208.7499447011315,278,0,880,0,USD,offpeak,0.0005697,subscription
repo-review,4096,36821932517,https://github.com/f4ah6o/deepseek-v41-provider-bench/actions/runs/36821932517,20261001T055324Z-b6f97188,2026-10-01T05:53:24.953190+00:00,hai,deepseek-v4.1-flash,ok,200,stop,1722.53182,3147.685371,4904.516579,173.14309905975668,289,0,545,0,JPY,fixed,0.14814,subscription
repo-review,4096,36821932517,https://github.com/f4ah6o/deepseek-v41-provider-bench/actions/runs/36821932517,20261001T055324Z-b6f97188,2026-10-01T05:53:24.971945+00:00,deepseek,deepseek-flash,ok,200,stop,582.489136,3306.485204,3892.454029,238.92440197352235,278,0,790,0,USD,offpeak,0.0005157,prepaid
repo-review,4096,36821932517,https://github.com/f4ah6o/deepseek-v41-provider-bench/actions/runs/36821932517,20261001T055324Z-b6f97188,2026-10-01T05:53:24.990500+00:00,fireworks,accounts/fireworks/models/deepseek-v4p1-flash,ok,200,stop,3671.968185,11178.024658,14850.994931,74.0739106714538,278,0,828,0,USD,fixed,0.00060764,prepaid
repo-review,4096,36867199813,https://github.com/f4ah6o/deepseek-v41-provider-bench/actions/runs/36867199813,20261001T131418Z-53aae0b1,2026-10-01T13:14:18.181059+00:00,opencode_go,deepseek-v4.1-flash,ok,200,stop,1509.355464,4389.968536,5900.734797,149.43159492385024,278,0,656,0,USD,offpeak,0.00043529999999999996,subscription
repo-review,4096,36867199813,https://github.com/f4ah6o/deepseek-v41-provider-bench/actions/runs/36867199813,20261001T131418Z-53aae0b1,2026-10-01T13:14:18.259689+00:00,hai,deepseek-v4.1-flash,ok,200,stop,19678.016822,14724.409815,34403.469148,44.416041676166834,289,0,654,0,JPY,fixed,0.1743,subscription
repo-review,4096,36867199813,https://github.com/f4ah6o/deepseek-v41-provider-bench/actions/runs/36867199813,20261001T131418Z-53aae0b1,2026-10-01T13:14:18.278440+00:00,deepseek,deepseek-flash,ok,200,stop,1111.236259,3011.474789,4124.54823,227.79536541555953,278,0,686,0,USD,offpeak,0.00045329999999999996,prepaid
repo-review,4096,36867199813,https://github.com/f4ah6o/deepseek-v41-provider-bench/actions/runs/36867199813,20261001T131418Z-53aae0b1,2026-10-01T13:14:18.296946+00:00,fireworks,accounts/fireworks/models/deepseek-v4p1-flash,ok,200,stop,719.713634,8945.262819,9665.92487,81.04848506631676,278,0,725,0,USD,fixed,0.00053966,prepaid
repo-review,4096,36910305560,https://github.com/f4ah6o/deepseek-v41-provider-bench/actions/runs/36910305560,20261001T185426Z-ff019cb2,2026-10-01T18:54:26.205381+00:00,opencode_go,deepseek-v4.1-flash,ok,200,stop,8013.558918,9422.475058,17484.378192,66.33076725094155,280,0,625,0,USD,offpeak,0.000417,subscription
repo-review,4096,36910305560,https://github.com/f4ah6o/deepseek-v41-provider-bench/actions/runs/36910305560,20261001T185426Z-ff019cb2,2026-10-01T18:54:26.265191+00:00,hai,deepseek-v4.1-flash,ok,200,stop,1889.925302,7357.371512,9290.701905,106.28795878046182,291,0,782,0,JPY,fixed,0.20514,subscription
repo-review,4096,36910305560,https://github.com/f4ah6o/deepseek-v41-provider-bench/actions/runs/36910305560,20261001T185426Z-ff019cb2,2026-10-01T18:54:26.280284+00:00,deepseek,deepseek-flash,ok,200,stop,2856.170884,2694.528743,5552.968408,241.97181109824965,280,0,652,0,USD,offpeak,0.0004332,prepaid
repo-review,4096,36910305560,https://github.com/f4ah6o/deepseek-v41-provider-bench/actions/runs/36910305560,20261001T185426Z-ff019cb2,2026-10-01T18:54:26.295660+00:00,fireworks,accounts/fireworks/models/deepseek-v4p1-flash,ok,200,stop,1878.52087,7897.35272,9776.577347,92.81591262141322,280,0,733,0,USD,fixed,0.00054538,prepaid
repo-review,4096,36939495021,https://github.com/f4ah6o/deepseek-v41-provider-bench/actions/runs/36939495021,20261001T231218Z-d915a188,2026-10-01T23:12:18.396634+00:00,opencode_go,deepseek-v4.1-flash,ok,200,stop,1141.167238,4163.803886,5308.177241,195.73448277434076,278,0,815,0,USD,offpeak,0.0005307,subscription
repo-review,4096,36939495021,https://github.com/f4ah6o/deepseek-v41-provider-bench/actions/runs/36939495021,20261001T231218Z-d915a188,2026-10-01T23:12:18.472381+00:00,hai,deepseek-v4.1-flash,ok,200,stop,2388.170222,7535.433027,9945.933139,104.70532976312789,289,0,789,0,JPY,fixed,0.2067,subscription
repo-review,4096,36939495021,https://github.com/f4ah6o/deepseek-v41-provider-bench/actions/runs/36939495021,20261001T231218Z-d915a188,2026-10-01T23:12:18.490073+00:00,deepseek,deepseek-flash,ok,200,stop,586.751142,2560.024021,3149.673971,244.13833420041956,278,0,625,0,USD,offpeak,0.0004167,prepaid
repo-review,4096,36939495021,https://github.com/f4ah6o/deepseek-v41-provider-bench/actions/runs/36939495021,20261001T231218Z-d915a188,2026-10-01T23:12:18.507827+00:00,fireworks,accounts/fireworks/models/deepseek-v4p1-flash,ok,200,stop,1763.292812,7838.796995,9603.022332,114.43082408846078,278,0,897,0,USD,fixed,0.00065318,prepaid
repo-review,4096,36954790267,https://github.com/f4ah6o/deepseek-v41-provider-bench/actions/runs/36954790267,20261002T021541Z-f8863a3a,2026-10-02T02:15:41.550915+00:00,opencode_go,deepseek-v4.1-flash,ok,200,stop,1529.596581,4409.095613,5944.72161,173.27816565088398,277,0,764,0,USD,peak,0.0009999,subscription
repo-review,4096,36954790267,https://github.com/f4ah6o/deepseek-v41-provider-bench/actions/runs/36954790267,20261002T021541Z-f8863a3a,2026-10-02T02:15:41.598574+00:00,hai,deepseek-v4.1-flash,ok,200,stop,2027.735447,5242.824165,7321.083597,112.72550468989455,288,0,591,0,JPY,fixed,0.15912,subscription
repo-review,4096,36954790267,https://github.com/f4ah6o/deepseek-v41-provider-bench/actions/runs/36954790267,20261002T021541Z-f8863a3a,2026-10-02T02:15:41.610596+00:00,deepseek,deepseek-flash,ok,200,stop,703.401638,3545.502396,4249.491141,230.99688239499923,277,0,819,0,USD,peak,0.0010658999999999998,prepaid
repo-review,4096,36954790267,https://github.com/f4ah6o/deepseek-v41-provider-bench/actions/runs/36954790267,20261002T021541Z-f8863a3a,2026-10-02T02:15:41.621897+00:00,fireworks,accounts/fireworks/models/deepseek-v4p1-flash,ok,200,stop,953.396105,7996.311786,8950.450235,91.16703043975079,277,0,729,0,USD,fixed,0.00054208,prepaid
repo-review,4096,36985006017,https://github.com/f4ah6o/deepseek-v41-provider-bench/actions/runs/36985006017,20261002T083653Z-bada0ca0,2026-10-02T08:36:53.108012+00:00,opencode_go,deepseek-v4.1-flash,ok,200,stop,2096.588346,2558.651609,4657.141291,238.79765336195874,284,0,611,0,USD,peak,0.0008183999999999999,subscription
repo-review,4096,36985006017,https://github.com/f4ah6o/deepseek-v41-provider-bench/actions/runs/36985006017,20261002T083653Z-bada0ca0,2026-10-02T08:36:53.179138+00:00,hai,deepseek-v4.1-flash,transport_error,200,,,,115496.168188,,,,,,,,,subscription
repo-review,4096,36985006017,https://github.com/f4ah6o/deepseek-v41-provider-bench/actions/runs/36985006017,20261002T083653Z-bada0ca0,2026-10-02T08:36:53.197127+00:00,deepseek,deepseek-flash,ok,200,stop,1128.10296,4025.444521,5156.580213,222.3356936931935,284,0,895,0,USD,peak,0.0011592,prepaid
repo-review,4096,36985006017,https://github.com/f4ah6o/deepseek-v41-provider-bench/actions/runs/36985006017,20261002T083653Z-bada0ca0,2026-10-02T08:36:53.214976+00:00,fireworks,accounts/fireworks/models/deepseek-v4p1-flash,ok,200,stop,460.874989,5755.673731,6217.420102,118.31803396570952,284,0,681,0,USD,fixed,0.00051194,prepaid
repo-review,4096,37029599888,https://github.com/f4ah6o/deepseek-v41-provider-bench/actions/runs/37029599888,20261002T154859Z-82f788e4,2026-10-02T15:48:59.909361+00:00,opencode_go,deepseek-v4.1-flash,ok,200,stop,1184.519407,3752.390974,4939.67936,183.3497641282835,281,0,688,0,USD,offpeak,0.00045494999999999997,subscription
repo-review,4096,37029599888,https://github.com/f4ah6o/deepseek-v41-provider-bench/actions/runs/37029599888,20261002T154859Z-82f788e4,2026-10-02T15:48:59.987455+00:00,hai,deepseek-v4.1-flash,ok,200,stop,8823.038187,5397.158424,14238.905628,101.90547632514705,292,0,550,0,JPY,fixed,0.14952,subscription
repo-review,4096,37029599888,https://github.com/f4ah6o/deepseek-v41-provider-bench/actions/runs/37029599888,20261002T154859Z-82f788e4,2026-10-02T15:49:00.005787+00:00,deepseek,deepseek-flash,ok,200,stop,1058.387161,2953.499457,4014.062803,243.44003121311562,281,0,719,0,USD,offpeak,0.00047354999999999994,prepaid
repo-review,4096,37029599888,https://github.com/f4ah6o/deepseek-v41-provider-bench/actions/runs/37029599888,20261002T154859Z-82f788e4,2026-10-02T15:49:00.023972+00:00,fireworks,accounts/fireworks/models/deepseek-v4p1-flash,ok,200,stop,644.689021,6794.154255,7439.775753,91.10773420318817,281,0,619,0,USD,fixed,0.00047036,prepaid
repo-review,4096,37062518664,https://github.com/f4ah6o/deepseek-v41-provider-bench/actions/runs/37062518664,20261002T204445Z-d3b1f9c4,2026-10-02T20:44:45.185253+00:00,opencode_go,deepseek-v4.1-flash,ok,200,stop,1946.879321,4673.254202,6622.313363,189.80349915919254,277,0,887,0,USD,offpeak,0.0005737499999999999,subscription
repo-review,4096,37062518664,https://github.com/f4ah6o/deepseek-v41-provider-bench/actions/runs/37062518664,20261002T204445Z-d3b1f9c4,2026-10-02T20:44:45.263987+00:00,hai,deepseek-v4.1-flash,ok,200,stop,2228.648037,3836.97121,6092.180684,106.85511502704237,288,0,410,0,JPY,fixed,0.11568,subscription
repo-review,4096,37062518664,https://github.com/f4ah6o/deepseek-v41-provider-bench/actions/runs/37062518664,20261002T204445Z-d3b1f9c4,2026-10-02T20:44:45.282934+00:00,deepseek,deepseek-flash,ok,200,stop,664.796301,3233.980281,3901.860474,246.4455348359621,277,0,797,0,USD,offpeak,0.00051975,prepaid
repo-review,4096,37062518664,https://github.com/f4ah6o/deepseek-v41-provider-bench/actions/runs/37062518664,20261002T204445Z-d3b1f9c4,2026-10-02T20:44:45.301448+00:00,fireworks,accounts/fireworks/models/deepseek-v4p1-flash,ok,200,stop,14665.796511,8637.00876,23303.706237,117.40175657758624,277,0,1014,0,USD,fixed,0.0007301800000000001,prepaid
repo-review,4096,37082302073,https://github.com/f4ah6o/deepseek-v41-provider-bench/actions/runs/37082302073,20261003T002959Z-bd23e7dd,2026-10-03T00:29:59.847802+00:00,opencode_go,deepseek-v4.1-flash,ok,200,stop,1374.53992,4247.780056,5624.196659,176.56281401402202,280,0,750,0,USD,offpeak,0.000492,subscription
repo-review,4096,37082302073,https://github.com/f4ah6o/deepseek-v41-provider-bench/actions/runs/37082302073,20261003T002959Z-bd23e7dd,2026-10-03T00:29:59.926624+00:00,hai,deepseek-v4.1-flash,ok,200,stop,8469.429422,28720.136448,37347.412735,27.158645343215884,291,0,780,0,JPY,fixed,0.20466,subscription
repo-review,4096,37082302073,https://github.com/f4ah6o/deepseek-v41-provider-bench/actions/runs/37082302073,20261003T002959Z-bd23e7dd,2026-10-03T00:29:59.945093+00:00,deepseek,deepseek-flash,ok,200,stop,785.911385,2626.482761,3414.73207,233.39197542138368,280,0,613,0,USD,offpeak,0.0004098,prepaid
repo-review,4096,37082302073,https://github.com/f4ah6o/deepseek-v41-provider-bench/actions/runs/37082302073,20261003T002959Z-bd23e7dd,2026-10-03T00:29:59.963441+00:00,fireworks,accounts/fireworks/models/deepseek-v4p1-flash,ok,200,stop,982.141769,5963.91631,6947.053066,74.78307488188076,280,0,446,0,USD,fixed,0.00035596000000000005,prepaid
repo-review,4096,37103403238,https://github.com/f4ah6o/deepseek-v41-provider-bench/actions/runs/37103403238,20261003T063246Z-8230b66f,2026-10-03T06:32:46.156977+00:00,opencode_go,deepseek-v4.1-flash,ok,200,stop,1369.295479,4617.037989,5989.368914,168.50630249384332,283,0,778,0,USD,offpeak,0.0005092499999999999,subscription
repo-review,4096,37103403238,https://github.com/f4ah6o/deepseek-v41-provider-bench/actions/runs/37103403238,20261003T063246Z-8230b66f,2026-10-03T06:32:46.234442+00:00,hai,deepseek-v4.1-flash,ok,200,stop,3324.163078,5359.1895,8737.815102,93.48428526365787,294,0,501,0,JPY,fixed,0.13788,subscription
repo-review,4096,37103403238,https://github.com/f4ah6o/deepseek-v41-provider-bench/actions/runs/37103403238,20261003T063246Z-8230b66f,2026-10-03T06:32:46.252691+00:00,deepseek,deepseek-flash,ok,200,stop,965.408316,3832.684063,4801.856097,251.52086218279032,283,0,964,0,USD,offpeak,0.00062085,prepaid
repo-review,4096,37103403238,https://github.com/f4ah6o/deepseek-v41-provider-bench/actions/runs/37103403238,20261003T063246Z-8230b66f,2026-10-03T06:32:46.270937+00:00,fireworks,accounts/fireworks/models/deepseek-v4p1-flash,ok,200,stop,1621.951871,9350.900932,10973.74298,75.39380484584092,283,0,705,0,USD,fixed,0.00052756,prepaid
repo-review,4096,37123256692,https://github.com/f4ah6o/deepseek-v41-provider-bench/actions/runs/37123256692,20261003T123340Z-eccfc396,2026-10-03T12:33:40.851184+00:00,opencode_go,deepseek-v4.1-flash,ok,200,stop,1401.238266,3864.396536,5267.268158,160.6977943942552,282,0,621,0,USD,offpeak,0.0004149,subscription
repo-review,4096,37123256692,https://github.com/f4ah6o/deepseek-v41-provider-bench/actions/runs/37123256692,20261003T123340Z-eccfc396,2026-10-03T12:33:40.929994+00:00,hai,deepseek-v4.1-flash,ok,200,stop,4219.438549,7019.260966,11263.834331,107.70364624736479,293,0,756,0,JPY,fixed,0.19902,subscription
repo-review,4096,37123256692,https://github.com/f4ah6o/deepseek-v41-provider-bench/actions/runs/37123256692,20261003T123340Z-eccfc396,2026-10-03T12:33:40.948230+00:00,deepseek,deepseek-flash,ok,200,stop,834.207714,2959.888548,3798.479795,232.7790350300717,282,0,689,0,USD,offpeak,0.00045569999999999996,prepaid
repo-review,4096,37123256692,https://github.com/f4ah6o/deepseek-v41-provider-bench/actions/runs/37123256692,20261003T123340Z-eccfc396,2026-10-03T12:33:40.966792+00:00,fireworks,accounts/fireworks/models/deepseek-v4p1-flash,ok,200,stop,1211.155383,12905.136156,14117.31303,62.92068446116129,282,0,812,0,USD,fixed,0.00059796,prepaid
repo-review,4096,37139907883,https://github.com/f4ah6o/deepseek-v41-provider-bench/actions/runs/37139907883,20261003T171642Z-50602151,2026-10-03T17:16:42.502861+00:00,opencode_go,deepseek-v4.1-flash,ok,200,stop,1559.856155,3658.208018,5219.04706,182.056350191948,277,0,666,0,USD,offpeak,0.00044114999999999996,subscription
repo-review,4096,37139907883,https://github.com/f4ah6o/deepseek-v41-provider-bench/actions/runs/37139907883,20261003T171642Z-50602151,2026-10-03T17:16:42.568098+00:00,hai,deepseek-v4.1-flash,ok,200,stop,2026.174644,4355.690586,6382.766395,133.61830655984986,288,0,582,0,JPY,fixed,0.15696,subscription
repo-review,4096,37139907883,https://github.com/f4ah6o/deepseek-v41-provider-bench/actions/runs/37139907883,20261003T171642Z-50602151,2026-10-03T17:16:42.585485+00:00,deepseek,deepseek-flash,ok,200,stop,755.278547,2409.987492,3168.078634,263.4868446860802,277,0,635,0,USD,offpeak,0.00042255,prepaid
repo-review,4096,37139907883,https://github.com/f4ah6o/deepseek-v41-provider-bench/actions/runs/37139907883,20261003T171642Z-50602151,2026-10-03T17:16:42.602325+00:00,fireworks,accounts/fireworks/models/deepseek-v4p1-flash,ok,200,stop,1432.246323,11576.84971,13010.354495,58.99705162536829,277,0,683,0,USD,fixed,0.00051172,prepaid
repo-review,4096,37149804177,https://github.com/f4ah6o/deepseek-v41-provider-bench/actions/runs/37149804177,20261003T195813Z-9bc337f1,2026-10-03T19:58:13.071025+00:00,opencode_go,deepseek-v4.1-flash,ok,200,stop,2217.482536,2868.073699,5089.120033,206.0616504401758,280,0,591,0,USD,offpeak,0.0003966,subscription
repo-review,4096,37149804177,https://github.com/f4ah6o/deepseek-v41-provider-bench/actions/runs/37149804177,20261003T195813Z-9bc337f1,2026-10-03T19:58:13.132619+00:00,hai,deepseek-v4.1-flash,ok,200,stop,3590.392555,25471.033971,29110.785336,18.766415236390717,291,0,478,0,JPY,fixed,0.13218,subscription
repo-review,4096,37149804177,https://github.com/f4ah6o/deepseek-v41-provider-bench/actions/runs/37149804177,20261003T195813Z-9bc337f1,2026-10-03T19:58:13.146543+00:00,deepseek,deepseek-flash,ok,200,stop,692.101241,2107.7107,2801.631525,260.9466280168336,280,0,550,0,USD,offpeak,0.000372,prepaid
repo-review,4096,37149804177,https://github.com/f4ah6o/deepseek-v41-provider-bench/actions/runs/37149804177,20261003T195813Z-9bc337f1,2026-10-03T19:58:13.160296+00:00,fireworks,accounts/fireworks/models/deepseek-v4p1-flash,ok,200,stop,717.591726,12245.409832,13017.64778,52.91778788053551,280,0,648,0,USD,fixed,0.00048928,prepaid
repo-review,4096,37160525476,https://github.com/f4ah6o/deepseek-v41-provider-bench/actions/runs/37160525476,20261003T230358Z-ba912f86,2026-10-03T23:03:58.632021+00:00,opencode_go,deepseek-v4.1-flash,ok,200,stop,1105.391831,3330.803073,4437.642394,200.85246270577102,282,0,669,0,USD,offpeak,0.0004437,subscription
repo-review,4096,37160525476,https://github.com/f4ah6o/deepseek-v41-provider-bench/actions/runs/37160525476,20261003T230358Z-ba912f86,2026-10-03T23:03:58.675780+00:00,hai,deepseek-v4.1-flash,ok,200,stop,4795.53187,18276.289451,23170.778185,28.123870623633405,293,0,514,0,JPY,fixed,0.14094,subscription
repo-review,4096,37160525476,https://github.com/f4ah6o/deepseek-v41-provider-bench/actions/runs/37160525476,20261003T230358Z-ba912f86,2026-10-03T23:03:58.686927+00:00,deepseek,deepseek-flash,ok,200,stop,594.499495,2268.992737,2865.761295,216.83630448747442,282,0,492,0,USD,offpeak,0.0003375,prepaid
repo-review,4096,37160525476,https://github.com/f4ah6o/deepseek-v41-provider-bench/actions/runs/37160525476,20261003T230358Z-ba912f86,2026-10-03T23:03:58.697980+00:00,fireworks,accounts/fireworks/models/deepseek-v4p1-flash,ok,200,stop,1842.988985,8200.621497,10044.316441,57.312729306179804,282,0,470,0,USD,fixed,0.00037224000000000003,prepaid
repo-review,4096,37171715154,https://github.com/f4ah6o/deepseek-v41-provider-bench/actions/runs/37171715154,20261004T023925Z-019bd94a,2026-10-04T02:39:25.774254+00:00,opencode_go,deepseek-v4.1-flash,ok,200,stop,1832.647436,3487.948951,5322.192342,192.3766687604827,279,0,671,0,USD,offpeak,0.00044445,subscription
repo-review,4096,37171715154,https://github.com/f4ah6o/deepseek-v41-provider-bench/actions/runs/37171715154,20261004T023925Z-019bd94a,2026-10-04T02:39:25.851269+00:00,hai,deepseek-v4.1-flash,ok,200,stop,3433.603938,17639.019664,21117.226124,22.223457282041842,290,0,392,0,JPY,fixed,0.11148,subscription
repo-review,4096,37171715154,https://github.com/f4ah6o/deepseek-v41-provider-bench/actions/runs/37171715154,20261004T023925Z-019bd94a,2026-10-04T02:39:25.869467+00:00,deepseek,deepseek-flash,ok,200,stop,592.9831,4576.068545,5172.030858,211.53529290064427,279,0,968,0,USD,offpeak,0.00062265,prepaid
repo-review,4096,37171715154,https://github.com/f4ah6o/deepseek-v41-provider-bench/actions/runs/37171715154,20261004T023925Z-019bd94a,2026-10-04T02:39:25.887673+00:00,fireworks,accounts/fireworks/models/deepseek-v4p1-flash,ok,200,stop,1205.794973,12117.170625,13323.91837,65.19673812053794,279,0,790,0,USD,fixed,0.00058278,prepaid
repo-review,4096,37193271791,https://github.com/f4ah6o/deepseek-v41-provider-bench/actions/runs/37193271791,20261004T094735Z-6f0171bd,2026-10-04T09:47:35.819911+00:00,opencode_go,deepseek-v4.1-flash,ok,200,stop,1495.122568,3905.245204,5403.321939,160.04116703346446,282,0,625,0,USD,offpeak,0.0004173,subscription
repo-review,4096,37193271791,https://github.com/f4ah6o/deepseek-v41-provider-bench/actions/runs/37193271791,20261004T094735Z-6f0171bd,2026-10-04T09:47:35.902494+00:00,hai,deepseek-v4.1-flash,ok,200,stop,4354.288316,6714.491404,11179.789146,96.65661342769364,293,0,649,0,JPY,fixed,0.17334,subscription
repo-review,4096,37193271791,https://github.com/f4ah6o/deepseek-v41-provider-bench/actions/runs/37193271791,20261004T094735Z-6f0171bd,2026-10-04T09:47:35.922681+00:00,deepseek,deepseek-flash,ok,200,stop,655.271621,3562.159743,4218.801338,223.74066788166496,282,0,797,0,USD,offpeak,0.0005205,prepaid
repo-review,4096,37193271791,https://github.com/f4ah6o/deepseek-v41-provider-bench/actions/runs/37193271791,20261004T094735Z-6f0171bd,2026-10-04T09:47:35.940851+00:00,fireworks,accounts/fireworks/models/deepseek-v4p1-flash,ok,200,stop,2015.254948,13709.958928,15726.191389,51.71423223974811,282,0,709,0,USD,fixed,0.00052998,prepaid
repo-review,4096,37212741786,https://github.com/f4ah6o/deepseek-v41-provider-bench/actions/runs/37212741786,20261004T152233Z-230491c7,2026-10-04T15:22:33.152106+00:00,opencode_go,deepseek-v4.1-flash,ok,200,stop,1658.343003,3931.567495,5592.736534,190.00055345609678,281,0,747,0,USD,offpeak,0.00049035,subscription
repo-review,4096,37212741786,https://github.com/f4ah6o/deepseek-v41-provider-bench/actions/runs/37212741786,20261004T152233Z-230491c7,2026-10-04T15:22:33.230027+00:00,hai,deepseek-v4.1-flash,ok,200,stop,4450.306931,20935.960257,25427.709873,21.63741211003389,292,0,453,0,JPY,fixed,0.12624,subscription
repo-review,4096,37212741786,https://github.com/f4ah6o/deepseek-v41-provider-bench/actions/runs/37212741786,20261004T152233Z-230491c7,2026-10-04T15:22:33.249231+00:00,deepseek,deepseek-flash,ok,200,stop,937.414892,3352.130656,4306.455248,242.83063028674502,281,0,814,0,USD,offpeak,0.00053055,prepaid
repo-review,4096,37212741786,https://github.com/f4ah6o/deepseek-v41-provider-bench/actions/runs/37212741786,20261004T152233Z-230491c7,2026-10-04T15:22:33.267508+00:00,fireworks,accounts/fireworks/models/deepseek-v4p1-flash,ok,200,stop,2634.350717,14268.935723,16904.237482,50.03877050543498,281,0,714,0,USD,fixed,0.00053306,prepaid
repo-review,4096,37229052912,https://github.com/f4ah6o/deepseek-v41-provider-bench/actions/runs/37229052912,20261004T193842Z-8c39e167,2026-10-04T19:38:42.789217+00:00,opencode_go,deepseek-v4.1-flash,ok,200,stop,1461.334949,5711.814737,7179.559067,167.0222239212658,276,0,954,0,USD,offpeak,0.0006138,subscription
repo-review,4096,37229052912,https://github.com/f4ah6o/deepseek-v41-provider-bench/actions/runs/37229052912,20261004T193842Z-8c39e167,2026-10-04T19:38:42.857151+00:00,hai,deepseek-v4.1-flash,ok,200,stop,4781.970931,28144.143083,32981.695715,25.049616821549044,287,0,705,0,JPY,fixed,0.18642,subscription
repo-review,4096,37229052912,https://github.com/f4ah6o/deepseek-v41-provider-bench/actions/runs/37229052912,20261004T193842Z-8c39e167,2026-10-04T19:38:42.874947+00:00,deepseek,deepseek-flash,ok,200,stop,495.221018,3320.923201,3819.206248,243.0047162057211,276,0,807,0,USD,offpeak,0.0005256,prepaid
repo-review,4096,37229052912,https://github.com/f4ah6o/deepseek-v41-provider-bench/actions/runs/37229052912,20261004T193842Z-8c39e167,2026-10-04T19:38:42.892607+00:00,fireworks,accounts/fireworks/models/deepseek-v4p1-flash,ok,200,stop,751.34005,12967.985678,13720.151735,51.43435661959096,276,0,667,0,USD,fixed,0.0005009400000000001,prepaid
repo-review,4096,37242740641,https://github.com/f4ah6o/deepseek-v41-provider-bench/actions/runs/37242740641,20261004T230951Z-e5be41f2,2026-10-04T23:09:51.841817+00:00,opencode_go,deepseek-v4.1-flash,ok,200,stop,1380.835329,3118.506664,4503.736046,190.79644974585824,276,0,595,0,USD,offpeak,0.0003984,subscription
repo-review,4096,37242740641,https://github.com/f4ah6o/deepseek-v41-provider-bench/actions/runs/37242740641,20261004T230951Z-e5be41f2,2026-10-04T23:09:51.921145+00:00,hai,deepseek-v4.1-flash,ok,200,stop,3534.432334,36751.833324,40340.855826,21.305059616949194,287,0,783,0,JPY,fixed,0.20514,subscription
repo-review,4096,37242740641,https://github.com/f4ah6o/deepseek-v41-provider-bench/actions/runs/37242740641,20261004T230951Z-e5be41f2,2026-10-04T23:09:51.939805+00:00,deepseek,deepseek-flash,ok,200,stop,681.08886,3420.182704,4105.274633,246.77044270556607,276,0,844,0,USD,offpeak,0.0005478,prepaid
repo-review,4096,37242740641,https://github.com/f4ah6o/deepseek-v41-provider-bench/actions/runs/37242740641,20261004T230951Z-e5be41f2,2026-10-04T23:09:51.958417+00:00,fireworks,accounts/fireworks/models/deepseek-v4p1-flash,ok,200,stop,7818.641433,8453.02047,16272.657258,67.54981867446016,276,0,571,0,USD,fixed,0.00043758,prepaid
repo-review,4096,37253676150,https://github.com/f4ah6o/deepseek-v41-provider-bench/actions/runs/37253676150,20261005T020059Z-204df807,2026-10-05T02:00:59.509573+00:00,opencode_go,deepseek-v4.1-flash,ok,200,stop,1373.979558,5481.268705,6856.252617,173.49997804933372,278,0,951,0,USD,peak,0.0012246000000000002,subscription
repo-review,4096,37253676150,https://github.com/f4ah6o/deepseek-v41-provider-bench/actions/runs/37253676150,20261005T020059Z-204df807,2026-10-05T02:00:59.559318+00:00,hai,deepseek-v4.1-flash,ok,200,stop,2130.320854,3399.640202,5583.032304,145.0153459504242,289,0,493,0,JPY,fixed,0.13566,subscription
repo-review,4096,37253676150,https://github.com/f4ah6o/deepseek-v41-provider-bench/actions/runs/37253676150,20261005T020059Z-204df807,2026-10-05T02:00:59.571816+00:00,deepseek,deepseek-flash,ok,200,stop,532.329779,3874.728274,4413.719111,232.27435225306846,278,0,900,0,USD,peak,0.0011634000000000002,prepaid
repo-review,4096,37253676150,https://github.com/f4ah6o/deepseek-v41-provider-bench/actions/runs/37253676150,20261005T020059Z-204df807,2026-10-05T02:00:59.583987+00:00,fireworks,accounts/fireworks/models/deepseek-v4p1-flash,ok,200,stop,914.057814,10655.207457,11569.841538,64.85091940148415,278,0,691,0,USD,fixed,0.00051722,prepaid
repo-review,4096,37287591045,https://github.com/f4ah6o/deepseek-v41-provider-bench/actions/runs/37287591045,20261005T090413Z-e54498ba,2026-10-05T09:04:13.558200+00:00,opencode_go,deepseek-v4.1-flash,ok,200,stop,1491.748003,4367.833792,5862.965192,177.66243793921356,278,0,776,0,USD,peak,0.0010145999999999998,subscription
repo-review,4096,37287591045,https://github.com/f4ah6o/deepseek-v41-provider-bench/actions/runs/37287591045,20261005T090413Z-e54498ba,2026-10-05T09:04:13.636816+00:00,hai,deepseek-v4.1-flash,ok,200,stop,4341.955191,21819.628513,26205.873664,25.11500137014271,289,0,548,0,JPY,fixed,0.14886,subscription
repo-review,4096,37287591045,https://github.com/f4ah6o/deepseek-v41-provider-bench/actions/runs/37287591045,20261005T090413Z-e54498ba,2026-10-05T09:04:13.655331+00:00,deepseek,deepseek-flash,ok,200,stop,1183.739543,3062.947157,4250.29708,243.22979203130927,278,0,745,0,USD,peak,0.0009774,prepaid
repo-review,4096,37287591045,https://github.com/f4ah6o/deepseek-v41-provider-bench/actions/runs/37287591045,20261005T090413Z-e54498ba,2026-10-05T09:04:13.673873+00:00,fireworks,accounts/fireworks/models/deepseek-v4p1-flash,ok,200,stop,3173.277017,8052.941506,11287.020798,62.46164828407485,278,0,503,0,USD,fixed,0.00039314000000000005,prepaid
repo-review,4096,37356111679,https://github.com/f4ah6o/deepseek-v41-provider-bench/actions/runs/37356111679,20261005T182754Z-057f93fc,2026-10-05T18:27:54.751436+00:00,opencode_go,deepseek-v4.1-flash,ok,200,stop,1328.55995,3943.411587,5273.908462,173.96104486315696,282,0,686,0,USD,offpeak,0.0004539,subscription
repo-review,4096,37356111679,https://github.com/f4ah6o/deepseek-v41-provider-bench/actions/runs/37356111679,20261005T182754Z-057f93fc,2026-10-05T18:27:54.815314+00:00,hai,deepseek-v4.1-flash,ok,200,stop,1786.430857,4988.042328,6808.435975,100.23972675478065,293,0,500,0,JPY,fixed,0.13758,subscription
repo-review,4096,37356111679,https://github.com/f4ah6o/deepseek-v41-provider-bench/actions/runs/37356111679,20261005T182754Z-057f93fc,2026-10-05T18:27:54.830050+00:00,deepseek,deepseek-flash,ok,200,stop,796.676581,3180.452177,3979.894958,244.61930464675555,282,0,778,0,USD,offpeak,0.0005091,prepaid
repo-review,4096,37356111679,https://github.com/f4ah6o/deepseek-v41-provider-bench/actions/runs/37356111679,20261005T182754Z-057f93fc,2026-10-05T18:27:54.844035+00:00,fireworks,accounts/fireworks/models/deepseek-v4p1-flash,ok,200,stop,1014.457552,8385.956009,9435.142199,88.71975946469577,282,0,744,0,USD,fixed,0.0005530800000000001,prepaid
repo-review,4096,37395953755,https://github.com/f4ah6o/deepseek-v41-provider-bench/actions/runs/37395953755,20261006T004913Z-2a20088a,2026-10-06T00:49:13.196076+00:00,opencode_go,deepseek-v4.1-flash,ok,200,stop,1246.977177,4224.734122,5473.118528,170.18822468752745,279,0,719,0,USD,offpeak,0.00047325,subscription
repo-review,4096,37395953755,https://github.com/f4ah6o/deepseek-v41-provider-bench/actions/runs/37395953755,20261006T004913Z-2a20088a,2026-10-06T00:49:13.282317+00:00,hai,deepseek-v4.1-flash,ok,200,stop,4013.168711,31873.564264,35951.090602,26.856111632511084,290,0,856,0,JPY,fixed,0.22284,subscription
repo-review,4096,37395953755,https://github.com/f4ah6o/deepseek-v41-provider-bench/actions/runs/37395953755,20261006T004913Z-2a20088a,2026-10-06T00:49:13.301900+00:00,deepseek,deepseek-flash,ok,200,stop,763.062208,2687.593416,3453.486156,243.7124589235115,279,0,655,0,USD,offpeak,0.00043485,prepaid
repo-review,4096,37395953755,https://github.com/f4ah6o/deepseek-v41-provider-bench/actions/runs/37395953755,20261006T004913Z-2a20088a,2026-10-06T00:49:13.320816+00:00,fireworks,accounts/fireworks/models/deepseek-v4p1-flash,ok,200,stop,267.504555,2133.28535,2402.03498,325.3198171543249,279,0,694,0,USD,fixed,0.00051942,prepaid
repo-review,4096,37430497552,https://github.com/f4ah6o/deepseek-v41-provider-bench/actions/runs/37430497552,20261006T073432Z-beb1ee92,2026-10-06T07:34:32.642809+00:00,opencode_go,deepseek-v4.1-flash,ok,200,stop,1515.4526,5326.836495,6846.912571,159.3816519048235,278,0,849,0,USD,peak,0.0011022,subscription
repo-review,4096,37430497552,https://github.com/f4ah6o/deepseek-v41-provider-bench/actions/runs/37430497552,20261006T073432Z-beb1ee92,2026-10-06T07:34:32.720116+00:00,hai,deepseek-v4.1-flash,ok,200,stop,1915.493275,3195.953545,5136.824814,143.61910883157094,289,0,459,0,JPY,fixed,0.1275,subscription
repo-review,4096,37430497552,https://github.com/f4ah6o/deepseek-v41-provider-bench/actions/runs/37430497552,20261006T073432Z-beb1ee92,2026-10-06T07:34:32.738427+00:00,deepseek,deepseek-flash,ok,200,stop,859.858583,3130.28659,3992.219466,235.44170120218925,278,0,737,0,USD,peak,0.0009678,prepaid
repo-review,4096,37430497552,https://github.com/f4ah6o/deepseek-v41-provider-bench/actions/runs/37430497552,20261006T073432Z-beb1ee92,2026-10-06T07:34:32.756837+00:00,fireworks,accounts/fireworks/models/deepseek-v4p1-flash,ok,200,stop,834.438459,3590.86108,4426.431458,145.92600168202551,278,0,524,0,USD,fixed,0.0004070000000000001,prepaid
repo-review,4096,37485367435,https://github.com/f4ah6o/deepseek-v41-provider-bench/actions/runs/37485367435,20261006T151204Z-3e16ab78,2026-10-06T15:12:04.041000+00:00,opencode_go,deepseek-v4.1-flash,ok,200,stop,3843.820003,4801.746842,8647.15382,158.6922478575767,281,0,762,0,USD,offpeak,0.00049935,subscription
repo-review,4096,37485367435,https://github.com/f4ah6o/deepseek-v41-provider-bench/actions/runs/37485367435,20261006T151204Z-3e16ab78,2026-10-06T15:12:04.119733+00:00,hai,deepseek-v4.1-flash,ok,200,stop,130180.139402,78706.416878,208926.546459,5.819093514445327,292,0,458,0,JPY,fixed,0.12744,subscription
repo-review,4096,37485367435,https://github.com/f4ah6o/deepseek-v41-provider-bench/actions/runs/37485367435,20261006T151204Z-3e16ab78,2026-10-06T15:12:04.137608+00:00,deepseek,deepseek-flash,ok,200,stop,1831.413062,3102.67032,4937.841005,237.2150193514598,281,0,736,0,USD,offpeak,0.00048374999999999997,prepaid
repo-review,4096,37485367435,https://github.com/f4ah6o/deepseek-v41-provider-bench/actions/runs/37485367435,20261006T151204Z-3e16ab78,2026-10-06T15:12:04.155146+00:00,fireworks,accounts/fireworks/models/deepseek-v4p1-flash,ok,200,stop,526.05046,4087.139427,4614.572796,199.89530932143558,281,0,817,0,USD,fixed,0.0006010400000000001,prepaid
repo-review,4096,37525599366,https://github.com/f4ah6o/deepseek-v41-provider-bench/actions/runs/37525599366,20261006T201954Z-e8f14d1a,2026-10-06T20:19:54.659148+00:00,opencode_go,deepseek-v4.1-flash,ok,200,stop,834.250086,3799.333329,4635.854845,198.45586967712987,279,0,754,0,USD,offpeak,0.00049425,subscription
repo-review,4096,37525599366,https://github.com/f4ah6o/deepseek-v41-provider-bench/actions/runs/37525599366,20261006T201954Z-e8f14d1a,2026-10-06T20:19:54.745888+00:00,hai,deepseek-v4.1-flash,ok,200,stop,3567.030302,27108.571888,30817.434634,28.920741499741226,290,0,784,0,JPY,fixed,0.20556,subscription
repo-review,4096,37525599366,https://github.com/f4ah6o/deepseek-v41-provider-bench/actions/runs/37525599366,20261006T201954Z-e8f14d1a,2026-10-06T20:19:54.764797+00:00,deepseek,deepseek-flash,ok,200,stop,741.480315,3503.32327,4246.907364,232.06536689376088,279,0,813,0,USD,offpeak,0.00052965,prepaid
repo-review,4096,37525599366,https://github.com/f4ah6o/deepseek-v41-provider-bench/actions/runs/37525599366,20261006T201954Z-e8f14d1a,2026-10-06T20:19:54.782461+00:00,fireworks,accounts/fireworks/models/deepseek-v4p1-flash,ok,200,stop,1169.197129,4694.409186,5864.697403,169.35038436165843,279,0,795,0,USD,fixed,0.00058608,prepaid
repo-review,4096,37553347101,https://github.com/f4ah6o/deepseek-v41-provider-bench/actions/runs/37553347101,20261007T004225Z-d09a5073,2026-10-07T00:42:25.230870+00:00,opencode_go,deepseek-v4.1-flash,ok,200,stop,979.910722,2718.79007,3699.284599,258.9387123956945,279,0,704,0,USD,offpeak,0.00046425,subscription
repo-review,4096,37553347101,https://github.com/f4ah6o/deepseek-v41-provider-bench/actions/runs/37553347101,20261007T004225Z-d09a5073,2026-10-07T00:42:25.276991+00:00,hai,deepseek-v4.1-flash,ok,200,stop,1603.018696,6345.079072,7986.324315,104.96323094521712,290,0,666,0,JPY,fixed,0.17724,subscription
repo-review,4096,37553347101,https://github.com/f4ah6o/deepseek-v41-provider-bench/actions/runs/37553347101,20261007T004225Z-d09a5073,2026-10-07T00:42:25.288595+00:00,deepseek,deepseek-flash,ok,200,stop,1153.801976,3577.576057,4734.706082,226.96931862880027,279,0,812,0,USD,offpeak,0.00052905,prepaid
repo-review,4096,37553347101,https://github.com/f4ah6o/deepseek-v41-provider-bench/actions/runs/37553347101,20261007T004225Z-d09a5073,2026-10-07T00:42:25.300100+00:00,fireworks,accounts/fireworks/models/deepseek-v4p1-flash,ok,200,stop,522.544266,2856.590859,3484.290571,193.93746859287282,279,0,554,0,USD,fixed,0.00042702,prepaid
repo-review,4096,37586100155,https://github.com/f4ah6o/deepseek-v41-provider-bench/actions/runs/37586100155,20261007T071640Z-2c804797,2026-10-07T07:16:40.603861+00:00,opencode_go,deepseek-v4.1-flash,ok,200,stop,1433.916972,5171.45433,6607.586523,124.72313566771845,279,0,645,0,USD,peak,0.0008577000000000001,subscription
repo-review,4096,37586100155,https://github.com/f4ah6o/deepseek-v41-provider-bench/actions/runs/37586100155,20261007T071640Z-2c804797,2026-10-07T07:16:40.683932+00:00,hai,deepseek-v4.1-flash,ok,200,stop,14978.447995,44537.883146,59573.135477,12.708282478190325,290,0,566,0,JPY,fixed,0.15324,subscription
repo-review,4096,37586100155,https://github.com/f4ah6o/deepseek-v41-provider-bench/actions/runs/37586100155,20261007T071640Z-2c804797,2026-10-07T07:16:40.702448+00:00,deepseek,deepseek-flash,ok,200,stop,996.292107,3423.231098,4422.270581,237.4949212382973,279,0,813,0,USD,peak,0.0010593,prepaid
repo-review,4096,37586100155,https://github.com/f4ah6o/deepseek-v41-provider-bench/actions/runs/37586100155,20261007T071640Z-2c804797,2026-10-07T07:16:40.720810+00:00,fireworks,accounts/fireworks/models/deepseek-v4p1-flash,ok,200,stop,892.952069,4703.048695,5596.965125,166.06249491533276,279,0,781,0,USD,fixed,0.00057684,prepaid
repo-review,4096,37637596919,https://github.com/f4ah6o/deepseek-v41-provider-bench/actions/runs/37637596919,20261007T143301Z-bd78d0b5,2026-10-07T14:33:01.922058+00:00,opencode_go,deepseek-v4.1-flash,ok,200,stop,1269.339225,4625.3055,5896.857471,134.0451998251791,277,0,620,0,USD,offpeak,0.00041355,subscription
repo-review,4096,37637596919,https://github.com/f4ah6o/deepseek-v41-provider-bench/actions/runs/37637596919,20261007T143301Z-bd78d0b5,2026-10-07T14:33:02.000796+00:00,hai,deepseek-v4.1-flash,ok,200,stop,74940.395546,43560.179452,118520.153519,11.914551467169654,288,0,519,0,JPY,fixed,0.14184,subscription
repo-review,4096,37637596919,https://github.com/f4ah6o/deepseek-v41-provider-bench/actions/runs/37637596919,20261007T143301Z-bd78d0b5,2026-10-07T14:33:02.019456+00:00,deepseek,deepseek-flash,ok,200,stop,1302.962759,3324.432216,4628.447833,228.30966333049156,277,0,759,0,USD,offpeak,0.00049695,prepaid
repo-review,4096,37637596919,https://github.com/f4ah6o/deepseek-v41-provider-bench/actions/runs/37637596919,20261007T143301Z-bd78d0b5,2026-10-07T14:33:02.037664+00:00,fireworks,accounts/fireworks/models/deepseek-v4p1-flash,ok,200,stop,305.785778,4407.593971,4715.413511,160.1780936822141,277,0,706,0,USD,fixed,0.0005269000000000001,prepaid
repo-review,4096,37683405286,https://github.com/f4ah6o/deepseek-v41-provider-bench/actions/runs/37683405286,20261007T203731Z-948ec1d7,2026-10-07T20:37:31.443072+00:00,opencode_go,deepseek-v4.1-flash,ok,200,stop,1178.14365,3660.563012,4841.479021,171.01194486964346,280,0,626,0,USD,offpeak,0.00041759999999999996,subscription
repo-review,4096,37683405286,https://github.com/f4ah6o/deepseek-v41-provider-bench/actions/runs/37683405286,20261007T203731Z-948ec1d7,2026-10-07T20:37:31.496039+00:00,hai,deepseek-v4.1-flash,ok,200,stop,3770.77489,30142.526133,33972.792524,25.943412856292337,291,0,782,0,JPY,fixed,0.20514,subscription
repo-review,4096,37683405286,https://github.com/f4ah6o/deepseek-v41-provider-bench/actions/runs/37683405286,20261007T203731Z-948ec1d7,2026-10-07T20:37:31.508486+00:00,deepseek,deepseek-flash,ok,200,stop,1029.644312,2870.739497,3905.643425,238.96281801845427,280,0,686,0,USD,offpeak,0.00045359999999999997,prepaid
repo-review,4096,37683405286,https://github.com/f4ah6o/deepseek-v41-provider-bench/actions/runs/37683405286,20261007T203731Z-948ec1d7,2026-10-07T20:37:31.520718+00:00,fireworks,accounts/fireworks/models/deepseek-v4p1-flash,ok,200,stop,509.008206,4138.706146,4648.871411,140.86527997728493,280,0,583,0,USD,fixed,0.0004463800000000001,prepaid
repo-review,4096,37710692021,https://github.com/f4ah6o/deepseek-v41-provider-bench/actions/runs/37710692021,20261008T010031Z-9945bdf1,2026-10-08T01:00:31.406794+00:00,opencode_go,deepseek-v4.1-flash,ok,200,stop,2693.275427,4309.634899,7006.124567,193.28783516981633,282,0,833,0,USD,peak,0.0010841999999999998,subscription
repo-review,4096,37710692021,https://github.com/f4ah6o/deepseek-v41-provider-bench/actions/runs/37710692021,20261008T010031Z-9945bdf1,2026-10-08T01:00:31.476071+00:00,hai,deepseek-v4.1-flash,ok,200,stop,4483.184095,47406.256893,51934.33161,14.976925969973355,293,0,710,0,JPY,fixed,0.18798,subscription
repo-review,4096,37710692021,https://github.com/f4ah6o/deepseek-v41-provider-bench/actions/runs/37710692021,20261008T010031Z-9945bdf1,2026-10-08T01:00:31.494535+00:00,deepseek,deepseek-flash,ok,200,stop,1164.920335,2151.126299,3331.997795,196.64117360130885,282,0,423,0,USD,peak,0.0005922,prepaid
repo-review,4096,37710692021,https://github.com/f4ah6o/deepseek-v41-provider-bench/actions/runs/37710692021,20261008T010031Z-9945bdf1,2026-10-08T01:00:31.512722+00:00,fireworks,accounts/fireworks/models/deepseek-v4p1-flash,ok,200,stop,287.219229,2447.26192,2735.470798,155.68419419528254,282,0,381,0,USD,fixed,0.0003135,prepaid
repo-review,4096,37743249971,https://github.com/f4ah6o/deepseek-v41-provider-bench/actions/runs/37743249971,20261008T072447Z-499a1b4b,2026-10-08T07:24:47.740397+00:00,opencode_go,deepseek-v4.1-flash,ok,200,stop,1748.02198,1962.847974,3715.722885,169.14198368783093,280,0,332,0,USD,peak,0.00048239999999999996,subscription
repo-review,4096,37743249971,https://github.com/f4ah6o/deepseek-v41-provider-bench/actions/runs/37743249971,20261008T072447Z-499a1b4b,2026-10-08T07:24:47.819857+00:00,hai,deepseek-v4.1-flash,ok,200,stop,4129.170965,8172.933909,12372.630977,88.34036932623872,291,0,722,0,JPY,fixed,0.19074,subscription
repo-review,4096,37743249971,https://github.com/f4ah6o/deepseek-v41-provider-bench/actions/runs/37743249971,20261008T072447Z-499a1b4b,2026-10-08T07:24:47.838752+00:00,deepseek,deepseek-flash,ok,200,stop,812.336488,2544.770768,3359.325373,231.0620694775287,280,0,588,0,USD,peak,0.0007896,prepaid
repo-review,4096,37743249971,https://github.com/f4ah6o/deepseek-v41-provider-bench/actions/runs/37743249971,20261008T072447Z-499a1b4b,2026-10-08T07:24:47.857405+00:00,fireworks,accounts/fireworks/models/deepseek-v4p1-flash,ok,200,stop,315.048795,3357.769585,3674.084216,171.24462695971437,280,0,575,0,USD,fixed,0.00044110000000000004,prepaid
repo-review,4096,37802182425,https://github.com/f4ah6o/deepseek-v41-provider-bench/actions/runs/37802182425,20261008T153658Z-168f086e,2026-10-08T15:36:58.339020+00:00,opencode_go,deepseek-v4.1-flash,ok,200,stop,881.235644,5521.706484,6406.186146,143.61502233011487,276,0,793,0,USD,offpeak,0.0005171999999999999,subscription
repo-review,4096,37802182425,https://github.com/f4ah6o/deepseek-v41-provider-bench/actions/runs/37802182425,20261008T153658Z-168f086e,2026-10-08T15:36:58.391650+00:00,hai,deepseek-v4.1-flash,ok,200,stop,10272.498788,23164.883361,33574.745631,24.7357170364472,287,0,573,0,JPY,fixed,0.15474,subscription
repo-review,4096,37802182425,https://github.com/f4ah6o/deepseek-v41-provider-bench/actions/runs/37802182425,20261008T153658Z-168f086e,2026-10-08T15:36:58.404718+00:00,deepseek,deepseek-flash,ok,200,stop,849.449227,2434.735126,3286.385635,246.02265503274296,276,0,599,0,USD,offpeak,0.00040079999999999993,prepaid
repo-review,4096,37802182425,https://github.com/f4ah6o/deepseek-v41-provider-bench/actions/runs/37802182425,20261008T153658Z-168f086e,2026-10-08T15:36:58.417163+00:00,fireworks,accounts/fireworks/models/deepseek-v4p1-flash,ok,200,stop,434.336204,4558.403101,4993.674991,181.86193314455628,276,0,829,0,USD,fixed,0.00060786,prepaid
repo-review,4096,37845963804,https://github.com/f4ah6o/deepseek-v41-provider-bench/actions/runs/37845963804,20261008T211946Z-ad3c21fb,2026-10-08T21:19:46.776139+00:00,opencode_go,deepseek-v4.1-flash,ok,200,stop,1017.286991,3919.153462,4937.092128,178.3548428959172,282,0,699,0,USD,offpeak,0.0004617,subscription
repo-review,4096,37845963804,https://github.com/f4ah6o/deepseek-v41-provider-bench/actions/runs/37845963804,20261008T211946Z-ad3c21fb,2026-10-08T21:19:46.835552+00:00,hai,deepseek-v4.1-flash,ok,200,stop,1915.703148,6203.067131,8163.367052,111.23529464185643,293,0,690,0,JPY,fixed,0.18318,subscription
repo-review,4096,37845963804,https://github.com/f4ah6o/deepseek-v41-provider-bench/actions/runs/37845963804,20261008T211946Z-ad3c21fb,2026-10-08T21:19:46.849255+00:00,deepseek,deepseek-flash,ok,200,stop,546.985883,2665.216734,3215.146848,242.75699298532172,282,0,647,0,USD,offpeak,0.0004305,prepaid
repo-review,4096,37845963804,https://github.com/f4ah6o/deepseek-v41-provider-bench/actions/runs/37845963804,20261008T211946Z-ad3c21fb,2026-10-08T21:19:46.862721+00:00,fireworks,accounts/fireworks/models/deepseek-v4p1-flash,ok,200,stop,1256.26959,4648.775364,5906.002573,143.26353670635223,282,0,666,0,USD,fixed,0.0005016,prepaid
repo-review,4096,37873236970,https://github.com/f4ah6o/deepseek-v41-provider-bench/actions/runs/37873236970,20261009T020949Z-a9cc2276,2026-10-09T02:09:49.767125+00:00,opencode_go,deepseek-v4.1-flash,ok,200,stop,1326.099982,4599.156134,5928.660431,133.06788944947786,284,0,612,0,USD,peak,0.0008196,subscription
repo-review,4096,37873236970,https://github.com/f4ah6o/deepseek-v41-provider-bench/actions/runs/37873236970,20261009T020949Z-a9cc2276,2026-10-09T02:09:49.818792+00:00,hai,deepseek-v4.1-flash,ok,200,stop,3617.479772,85227.686243,88978.789242,9.05808938422761,295,0,772,0,JPY,fixed,0.20298,subscription
repo-review,4096,37873236970,https://github.com/f4ah6o/deepseek-v41-provider-bench/actions/runs/37873236970,20261009T020949Z-a9cc2276,2026-10-09T02:09:49.831242+00:00,deepseek,deepseek-flash,ok,200,stop,847.304347,3713.156725,4564.790058,219.4897927450127,284,0,815,0,USD,peak,0.0010632,prepaid
repo-review,4096,37873236970,https://github.com/f4ah6o/deepseek-v41-provider-bench/actions/runs/37873236970,20261009T020949Z-a9cc2276,2026-10-09T02:09:49.843351+00:00,fireworks,accounts/fireworks/models/deepseek-v4p1-flash,ok,200,stop,1240.801516,2143.4037,3385.578797,230.9410961640124,284,0,495,0,USD,fixed,0.00038918,prepaid
repo-review,4096,37908845609,https://github.com/f4ah6o/deepseek-v41-provider-bench/actions/runs/37908845609,20261009T090401Z-82e4f8f5,2026-10-09T09:04:01.034675+00:00,opencode_go,deepseek-v4.1-flash,ok,200,stop,1209.595186,3269.460156,4483.188186,223.58431212519721,279,0,731,0,USD,peak,0.0009609,subscription
repo-review,4096,37908845609,https://github.com/f4ah6o/deepseek-v41-provider-bench/actions/runs/37908845609,20261009T090401Z-82e4f8f5,2026-10-09T09:04:01.099107+00:00,hai,deepseek-v4.1-flash,ok,200,stop,8432.6748,15212.02523,23791.846547,57.25733338137515,290,0,871,0,JPY,fixed,0.22644,subscription
repo-review,4096,37908845609,https://github.com/f4ah6o/deepseek-v41-provider-bench/actions/runs/37908845609,20261009T090401Z-82e4f8f5,2026-10-09T09:04:01.113479+00:00,deepseek,deepseek-flash,ok,200,stop,892.825933,3566.918965,4463.326812,242.22585611781625,279,0,864,0,USD,peak,0.0011205,prepaid
repo-review,4096,37908845609,https://github.com/f4ah6o/deepseek-v41-provider-bench/actions/runs/37908845609,20261009T090401Z-82e4f8f5,2026-10-09T09:04:01.127805+00:00,fireworks,accounts/fireworks/models/deepseek-v4p1-flash,ok,200,stop,1310.098523,6049.470021,7360.35833,117.69626058619656,279,0,712,0,USD,fixed,0.0005313000000000001,prepaid
repo-review,4096,37957391407,https://github.com/f4ah6o/deepseek-v41-provider-bench/actions/runs/37957391407,20261009T161225Z-e64b50b5,2026-10-09T16:12:25.749115+00:00,opencode_go,deepseek-v4.1-flash,ok,200,stop,1385.921125,2880.618424,4269.398998,153.7864218006543,278,0,443,0,USD,offpeak,0.0003075,subscription
repo-review,4096,37957391407,https://github.com/f4ah6o/deepseek-v41-provider-bench/actions/runs/37957391407,20261009T161225Z-e64b50b5,2026-10-09T16:12:25.827578+00:00,hai,deepseek-v4.1-flash,ok,200,stop,10506.645292,6950.008334,17499.717253,100.43153424512137,289,0,698,0,JPY,fixed,0.18486,subscription
repo-review,4096,37957391407,https://github.com/f4ah6o/deepseek-v41-provider-bench/actions/runs/37957391407,20261009T161225Z-e64b50b5,2026-10-09T16:12:25.846228+00:00,deepseek,deepseek-flash,ok,200,stop,964.618605,2897.194844,3877.543068,248.5162506384745,278,0,720,0,USD,offpeak,0.00047369999999999997,prepaid
repo-review,4096,37957391407,https://github.com/f4ah6o/deepseek-v41-provider-bench/actions/runs/37957391407,20261009T161225Z-e64b50b5,2026-10-09T16:12:25.864410+00:00,fireworks,accounts/fireworks/models/deepseek-v4p1-flash,ok,200,stop,1438.719055,7809.783574,9249.614258,88.47876429001796,278,0,691,0,USD,fixed,0.00051722,prepaid
repo-review,4096,37990078020,https://github.com/f4ah6o/deepseek-v41-provider-bench/actions/runs/37990078020,20261009T205435Z-26c3fae6,2026-10-09T20:54:35.479678+00:00,opencode_go,deepseek-v4.1-flash,ok,200,stop,1274.822516,4784.169369,6060.204641,170.56252341052937,281,0,816,0,USD,offpeak,0.00053175,subscription
repo-review,4096,37990078020,https://github.com/f4ah6o/deepseek-v41-provider-bench/actions/runs/37990078020,20261009T205435Z-26c3fae6,2026-10-09T20:54:35.561381+00:00,hai,deepseek-v4.1-flash,ok,200,stop,3318.06917,30812.778038,34170.589785,18.72599735370865,292,0,577,0,JPY,fixed,0.156,subscription
repo-review,4096,37990078020,https://github.com/f4ah6o/deepseek-v41-provider-bench/actions/runs/37990078020,20261009T205435Z-26c3fae6,2026-10-09T20:54:35.580110+00:00,deepseek,deepseek-flash,ok,200,stop,762.620618,2701.245527,3467.120381,250.62512579220274,281,0,677,0,USD,offpeak,0.00044835,prepaid
repo-review,4096,37990078020,https://github.com/f4ah6o/deepseek-v41-provider-bench/actions/runs/37990078020,20261009T205435Z-26c3fae6,2026-10-09T20:54:35.598491+00:00,fireworks,accounts/fireworks/models/deepseek-v4p1-flash,ok,200,stop,1167.99462,6912.343357,8081.252025,113.56496045657877,281,0,785,0,USD,fixed,0.00057992,prepaid
